x1,x2,x3,x4,x5,x6,x7,x8,x9,x10
1.3841072856085614,0.3392523606503981,0.5391217632556827,-3.077239960896222,0.38075925506607566,-0.3878432861350198,-0.21231084949049037,1.7257799604176551,0.8349214643764286,0.2867823041518375
-1.8543269678721452,-0.1451199146613942,-2.0941130242504022,-0.10314740085695048,2.0880993580921454,1.1345679909642077,-1.5590017861164815,-0.08520349772387967,-0.4797489628491174,-2.3157922347959206
-2.360661135184238,-2.5529833129814805,-0.16865514808140708,1.8063545496437634,0.2704392411152571,-1.8948380421985822,1.6739785876834976,-1.5734950458054724,-0.735069441084235,2.415505769537422
-1.5844742419630136,0.8422220022621956,-5.6725727049175525,0.3145643469168588,-4.38530413964324,-0.5630168184097758,-3.6357007435399664,-1.3327240423386089,2.3400551883417644,-1.6548082096203864
0.2951917113161023,0.3694192194920291,1.6534641502718674,1.7832749731545543,2.5614294655054963,-0.7983970517642901,2.00568697705871,-3.024201898841128,1.4394330637797914,4.348865562179029
3.66624154404384,2.770840399462999,1.815599089240106,2.2030036493622918,0.12198563031170956,0.5077014388902303,-0.28121462859133856,0.27823286431391453,1.094276074270968,-1.7632533907996981
-0.6422450412663013,-1.9089273783287786,1.1027673817332935,-1.3240289642411167,-3.8214649570003707,-0.19814525249388512,2.6640875842823557,1.8646482133658013,2.1404743287625774,-0.36906068813758797
-3.2127529025602155,-0.3082763197405653,-0.8916775523064842,-0.18808272952362232,0.7028419342196497,-0.604595236068879,4.16674596195343,-1.3670109605119523,-3.402308720090344,-0.7731304439212714
-4.866877659251948,-0.3535631442499046,-0.8686862889551337,-0.3473269549804061,3.4568824289198026,-1.70822418901476,-3.764625721152063,1.253272461022042,0.30610183353871495,3.0161695451478923
1.6159593331871869,-3.050341277610399,-2.318647218917742,0.071827162123016,-0.01171505967818266,0.034213749912814735,3.1631306815760514,-2.3510766305161748,-2.583394596518006,3.6413840380311724
-0.7401365458093853,-1.3318181318428404,0.6981810174169039,1.3512701109394,2.200863202836757,-1.932244671338243,-0.5301512242441123,0.7357985609597688,2.340031728461064,-1.681708242253572
0.4429786409792211,-0.3953531260914755,0.3325750976020104,-0.042317022520661995,-0.6227705803292568,3.7389820844416692,0.1907668296794976,2.1868116030409004,2.716528007399066,1.4899646704861396
2.4411216102892923,3.056905075216525,-0.6093711533372672,0.5554469016908157,-1.7083767206617029,2.352044648734298,2.4725201259246816,-1.3568158359833604,-1.4421948378781604,-0.9683266934485892
1.774037402052022,0.26540063165563693,1.1519169150282624,-1.7543014657895026,-2.713010680336431,-0.833185230585817,1.7715391956984239,-1.1053049166551174,2.4084714101033913,1.6819449130883013
-3.584338357317352,0.29719325776812455,3.5494539419628794,-0.6837010929201325,-1.9523508056543941,2.102234265882792,2.8646054573084268,-1.0779904707535841,-0.5715147409729646,2.05591525837941
-1.0808773164003531,1.7273793226048961,0.7553199986086383,-3.9650695723007483,4.559862491570727,0.21918406823366435,0.8015568194713374,-0.19003995234917787,-0.9137104660480463,-1.5309430367963401
0.4832654695596796,2.0007326629514974,-0.16954411972649996,-0.8894709294431533,3.2350543739939646,-0.4769525266777725,-2.2901591262771617,-0.3792356946297894,0.39130331362042525,0.9849747455298556
1.2141316739882657,1.0135082790855852,-0.9056809402122096,-0.9287653616629077,2.6796677831235285,1.2745288957007517,0.7504189026658493,2.4782055535253753,-0.19858186355660362,0.7137599461500806
1.266650526554469,3.6355827866363932,-1.8606003491376244,-0.22631318029520944,-1.5902199269438875,4.513260162081074,2.659508182376218,-1.9144502443240659,0.8658418889551941,-2.0171320188496176
-0.595015416322841,3.6211189750339607,-3.6339379986569877,-6.025306329593695,-2.084625894259489,1.4632886016503543,-2.2113299849766515,-0.6047858580033655,2.8422779626523935,-3.1252241687566
0.8291853596253835,-1.1598418016607666,0.34072274508015576,-2.8796583555745388,-0.7602551476667925,-2.421744345369506,6.577034108907179,1.1032802551298664,3.6718915389656672,-2.2391733884226017
1.4511087304647596,-1.083970790578623,1.15842210614174,-0.3684433465973486,-1.0224553021123914,-0.8445147999087056,2.553113099035665,1.9644337389896518,0.9520853948686815,-2.101732966058231
-1.2924369994935692,0.9548164088390192,-4.92478229365769,-0.0925231065696358,-2.7059879775756976,-1.3978044252021267,0.7146829698279479,4.297943690075205,-4.654986342977405,1.3802026323898307
0.715360022734792,-0.679440631549596,-0.46913815703284256,0.38361928721230176,0.17939927960271684,-4.376874292337261,0.2802891801741376,-1.0100840617707265,1.62565482224659,0.3796109981224037
4.299617738099136,-3.346193454780656,1.9704082956549134,2.8624679759934684,0.9906213615554588,-4.704527036179773,0.043963096052267725,-2.6153522595281395,0.46232953565554696,-0.6699480639220113
0.9994117762475202,0.9756715056940164,-2.011044081729643,-4.564332850919666,2.214692480798188,1.4940884198354338,2.1762866466108757,-1.2433017688555326,-0.35858637178051533,-0.5789310763008648
-2.0015486342843167,0.3392376774759628,0.346600090703118,1.5427844101777897,2.2088369244180854,0.6190395932544059,0.028903543985442773,7.112321571796706,0.15108755375470478,-0.7555066461086595
2.528283250903422,1.713347148955503,1.8348371627205098,3.2043658781150306,0.20872297734604325,1.3423404915569157,2.2119881114058204,2.446645680193539,-1.5235832621110825,0.6111653530158366
3.5197730642840495,1.669391719888802,3.009120898641328,-1.8713561511893024,0.7927689862339381,-2.3977629136869534,2.8618147965543734,-1.343891918649781,-3.5010074258165758,0.7397770787830461
-1.699758710627223,-1.5295729108115959,1.627161227532529,0.20574603978919437,-1.0998489303693864,0.6944235559910897,-0.8207845460284392,1.9973813068146065,0.07010853140682954,-1.813906741798313
-0.3167260971890971,0.2814107636368285,-0.3452662542755922,-2.4463368723343617,-0.5414224010904058,-3.5744778731363023,-0.3824596504555961,-2.3504426724478074,-1.8288032763766477,0.06780953358511853
-0.4771811046840396,-0.35636817750452815,-2.5464954976480687,-1.720991927035501,-1.9759865492843482,-1.4848361394464102,1.477054442255751,0.1798780653197634,-1.14941644023863,0.26613959820592425
1.847986695578631,1.7940132186934228,1.8721502316549337,-1.213835513385032,2.3378472323944677,-2.1302903926687247,-2.130983277820376,-2.4394562061404232,0.7042436050087868,-1.4168594494466702
0.638551205180294,2.353812489871659,-0.47417004608580354,-1.2924220546369118,-0.19942610840644975,0.15559833966641531,-3.0090873855381264,0.957324246031908,0.24335190672690432,1.127940857926087
1.5580407155854912,-1.5824958897188537,2.4319737919902065,0.1368660414429383,-1.1073553733409185,-0.5674806222299178,-1.861388004874772,1.1225429813882184,2.1530933578927614,-1.8255777429836713
-2.8650553826093685,1.6809948348425112,-1.0994885881148206,-0.44691025419635827,-1.2538053729318548,0.7601969042610156,3.1749790910401647,0.4148101549203589,0.24218568564329615,0.5869570865631732
-1.0429845466403331,-2.5894950286098064,-1.6938630605115454,-1.22209454615805,-0.5083038337625593,-1.0690907028502394,0.41110925677287596,1.0191868315422539,2.2060156064200043,-1.1123305401950598
-4.043154454850743,-5.497269658638986,-0.49519432023776344,2.4942307574238707,0.6894117490772715,0.7014958202602896,0.6288466055461416,1.3247996072365888,1.0922975379436495,-2.073472272959877
1.310566424049695,-1.7798865857120711,-4.473310848576772,0.7769748322672206,-0.5089207539858993,-1.9613194165479624,1.2196904753212776,-0.6018487891288344,1.6308444217987066,-1.0701620616437442
-0.7562657103199694,0.4626048711939064,-0.7539417643101467,1.3088055354751653,-0.5820337373802553,2.6706460867235187,-0.08731193555863559,1.9212830745855398,-0.10396114213102761,0.6706387186672232
-0.13729693259318299,-0.2975421344963932,-1.0252840165313553,-2.1397134627888352,0.5308282641000014,0.3421151573039912,-1.3725664416309835,1.3581232601344808,-4.355027173529699,-3.684025916778424
-2.143935155063605,1.3851798938856354,0.43252614016637775,-1.2195950065135528,-0.5295994944084237,-0.1862377650277552,-3.2955609174713576,-2.5308705877902966,-1.2734907601334273,2.2346853538321776
-1.1522614220645822,0.5804074294720131,-0.13092996593739942,0.6600394902306951,-2.6438041993575925,0.7490744834440585,1.9432407028953564,-1.5682962492631916,1.5555479832744643,-0.6608692777722867
1.018926531243417,-0.9462978670587818,-1.7372491988476122,-0.25632905351029744,0.7676580675570749,-3.467020609736354,-2.175777998619836,2.809901450744349,-3.298098360250258,1.9212606797724987
-2.549115664437523,0.8038893655366842,-0.9185809680857382,0.4123079612029469,0.8390031933877251,-2.3611451123512293,0.9783598397710044,0.1629395384716382,-1.4421541874655424,2.408994448368693
-0.8661535421089674,0.028706269878882442,-1.5778178415623378,2.455650588878985,1.8155124556013797,-3.0977320674898765,-0.16081038713352544,-1.7831216423139655,2.5846327975831844,1.4866397378638123
0.6787408981905189,-0.6238087447498749,-0.052549739976775055,-1.6432597353619471,2.6396362616358826,-1.4745872003453782,1.601847222045345,0.7087293102194936,1.1123023451597969,1.1533552499104247
-2.7961995188417035,1.821361402143647,0.02850154467563787,-1.0005013964687737,-0.5083195960612862,-1.8281055991644573,-3.5946365525108606,-1.4941107942309897,1.1172754003459437,-1.896610485507437
0.29780861077455467,3.674620435544303,-1.4462749710855438,0.9344311511833345,-1.0333552264600783,2.563239652969877,2.270277657387741,3.9002800738997765,0.42861064324128734,0.9816348266055915
-1.1815079998189146,3.8602727136420647,-3.2363477566594545,-0.5539803434636885,-1.5163066408170036,-1.8251011944918192,-0.15784859723615555,-1.1246092552200284,3.5776688645780648,-2.1210699223996596
2.3163696867385664,-1.7679748204566736,1.495144903507938,-6.454532789488369,-0.004773263022733525,2.19060910851019,-1.2685784622931968,-1.7343323552685963,-0.3237501403357353,2.307224881928843
-0.5692090718433606,-0.4168415893266969,1.814920978857108,0.8743360614383122,-0.14492817998945398,-0.6159128434925492,0.5643024865243974,0.9972056800112626,-1.4924256137747944,-0.41650666616899235
2.6992162800618136,-3.3236709286138724,1.3541574772266696,-0.5874901916598589,-1.5633298683991268,-3.5933293497367136,-1.8630930384015973,-2.458111600107309,0.902228141529696,2.294328736183236
-1.0451426502032986,-0.5225747245993314,0.37299388462961736,2.0626561727565313,-4.235041720756891,0.34832148867786844,1.9973590738724287,-2.3715745544396367,0.2437602992580563,1.7181724556518068
-2.245124876952396,1.8368850273477084,0.39733790268242586,-0.6611886204477304,-1.7055416617943424,2.4912668936917957,0.06277091405523484,-0.9286648630103502,1.898784778176027,3.3274746818178005
-0.397656247882941,-2.1289276280784386,-2.5664755801211867,-0.3449869285583114,1.4482354459874407,2.436947553414404,0.5471091263254021,0.44098122733994255,-0.4168072539376758,-3.3883736070734063
-1.2199381692803581,-2.1941829752048445,-0.885002690072715,3.1659071227956606,0.005357315876960555,-2.317104999444301,1.3744486694859441,0.850006784978758,-0.3001081204426429,-0.21818570897136846
-4.69434508065741,4.768144360034255,-0.5864120336604669,-0.8384541651683137,1.7014300027015765,-3.5068046014474317,-0.029089156901109935,0.578834109949056,-0.8176338375533224,-2.51568426694061
-1.4967895735593777,-0.7659288229395709,-1.3666880739420952,-1.0678880128084831,-0.1060512522916543,-0.859841045267429,-1.650024532112293,-1.3985257670475608,-3.059012876030739,0.31409070511916864
-0.011976210470006838,-0.6654256033981646,-0.43657762641252235,-2.0339079268405276,-0.19302785594148947,3.1972372148393786,-3.938588906871552,1.2535067247798557,-0.8184198586685414,-0.31594506947570444
0.8024619141395083,-0.123120335406368,0.3068513969789614,-0.8349178837853846,1.7038121674466362,-3.2604259210813806,-5.382690173438556,2.461989938923573,-0.8907896885651373,1.6447599518775275
3.800493853845947,3.04844968604292,1.2201368128611052,-0.053248966273538687,-2.958246878224304,1.3986614463538358,-0.26910595354892214,-1.5760113144577876,-1.8128342333789944,1.7154804426437842
-3.133647367513896,0.4259702277584527,-0.22787981180248806,2.1064094471854866,-2.0264980464850995,-0.6545209441306825,-0.16365767029727074,2.149365110263315,-1.2270262007825512,1.0089777634819186
-2.398077951260048,2.201732131329719,-2.253571113479907,0.8905639440821279,4.245177097447115,2.4379721465307798,3.0351571731417737,-2.3064727470550537,2.8818597864526505,-0.9673479853686655
0.33444518018640546,0.6400860448723291,0.17018015956123814,-3.7236686418136715,-0.03962765893215907,0.9550284411032535,-0.8114081697959945,-3.491325408349256,3.400026135018138,-1.6125093616441615
0.277904014858632,1.447472249602565,-1.4367064938383973,-3.27757679124899,-1.0332474821906599,-0.3437584405564498,-0.2981559071808671,1.5686337300926607,2.7397824039744196,-0.738593449209398
-4.046879886001078,-0.3583721486747088,0.0983203031815275,-1.9140150224579544,1.6974904076757606,-2.3360038940744894,0.5832574689855857,-2.9386804884982967,-0.8601079376555135,-0.7902309635823374
1.7935995730794434,-1.20596523819598,2.7607137785624594,2.0565225165354284,-1.2413748505161404,0.33892476052146486,0.1863820746652463,-1.7456788956723273,0.6678955226574221,0.6867524801497117
2.783637568916822,-1.9470124941371898,-1.5398677597358208,-2.243065161367945,0.23844755005056198,0.3929237745270645,-2.755142925274591,1.4082845984455488,-0.622753724281427,2.3480167506772758
-0.6974837753365429,0.4976106025871588,0.37013055410489265,-0.08125253498240377,-2.0910493865212976,1.6783082832744707,-0.9795624359914658,-0.01858583929878788,1.68503336440576,1.761311220657163
0.4552326145793912,-0.7956118616453948,1.7123963028760332,-3.6247984450020696,-0.6504193196140364,-0.052457921398062726,0.2779695560052249,2.0103422958728343,-2.650672344092848,-1.085073315337548
1.055113285458424,1.276747522501138,1.8321821034456418,-0.5600605541774517,-0.6182986276447828,-0.6711865757345424,2.208952705635317,0.8001668022550409,-0.47690425333824993,-1.8266539870477674
-1.6101182609642493,3.9010867091329335,0.41331339505064835,5.8136618541508245,2.121358124547702,1.1975338454116673,-3.972899866524314,-1.152688681023281,-2.0516034694596734,0.06026313072807311
-0.7652934562770395,-3.1172772325254456,2.731561581524987,-0.9015652090646565,0.35267963693098625,1.9318088874253603,2.0770164224828114,1.2357069613718992,0.42636757934334485,-0.5901705067084553
-3.805750353596148,-1.3326503726868049,0.09249816025124272,-1.0374644579718615,0.5148926396902047,-1.201450204480903,-2.45936729113985,0.6166730518923783,-3.250504453025329,0.5319420147274905
-3.0845368209882587,4.389556036429706,1.7012036787971214,1.8394605890262297,-1.8950536952760118,-0.30452429208414855,3.407710110796431,-1.177941333154997,0.6121774543712977,2.7159833351601916
0.3609476787594619,-1.2838882351729408,-0.846495718961934,-1.7814464079222327,0.24908666195024015,1.7636331692387484,0.5479205225220427,-0.26270609562275465,3.173050093126805,1.5667743573659774
1.987294964382636,1.0158604144103387,0.37415831068925515,4.823017353667806,1.4934164077634844,-0.29946201780970044,-1.8262221265201393,-0.7875062907819907,-1.827461811889048,1.0923041015840507
-0.4184858652875055,0.28597681015072196,-1.820594994478621,0.060698390817859826,0.39639083074334824,-2.869151558690551,1.7755487737228148,-1.805197727873478,3.3007777384885397,0.6446107015559436
-1.2024632518346647,1.7017777586930865,3.3329642839553433,1.486884723042762,-3.780358080801743,2.0773545745531172,-3.3242990184142323,2.2374609760457647,2.770004585251596,1.8204627727701708
-0.7496840426382287,-2.557722365991609,1.5130033795060729,2.0223054153137765,1.7008956186562345,-0.4048505090882868,1.9769609173487859,-0.7342852243367349,-2.5152438914583684,0.6378286469577384
-2.6456850917567873,-0.08404037270803302,-1.5199855435635343,-0.45706076466873014,1.0463552803051812,-0.19741028978994182,-2.299481486188458,-3.5846936344246303,-0.9683593454309888,1.259110539300983
1.0622558451254474,1.9938233333044502,0.7131206081288792,-1.957751765556154,1.048006582727021,-0.4680608839637892,-2.5748077193411927,-0.9399216467480292,0.12912629370142137,1.3484675192716327
0.7676136926576879,-1.1219468709705478,-0.8321554343828648,-2.075824334542578,0.27715554609414855,-0.5984743259326862,-0.6907997694412211,1.1906385212312371,3.2910312667114816,-2.383923523805935
0.9537470607051037,-1.682572259686318,0.23939657398392516,-1.1700884456760736,0.7377859057944967,-1.1398057306895368,-3.7757655264827705,2.2263919431422554,-2.9990655399179245,-1.5648747130608216
0.09998667092341947,2.4170705195183277,-2.332232544538679,-1.5122090165390332,2.0128762919652594,0.5928527971813284,-0.9183695346367882,1.3003001143408652,2.9616586283493587,-0.7800626825282795
-2.190254479848638,-0.18462804658049337,1.5607483352725735,4.607842546449322,2.8165407551136936,-2.290852721627687,0.19281528915262464,-0.47412094691343964,-1.2167126152491587,-1.9780053998848568
-0.5626499145800609,-0.2564079042167422,2.27090047290157,-1.0232802998689077,-1.1138097673379161,0.4810805010570271,-0.2390358206754375,-2.3102203620753072,-4.575778936647205,3.128401387062121
-0.9352595929194947,4.226483898291399,-0.8068928110743901,2.475997203272613,0.9466706044712542,0.47466047651574217,-2.5338255105166567,-0.7534642537504316,2.6716198040940755,-3.9005553431315536
-1.3347189432396167,-2.497519896881786,-4.173979511829942,-0.5078575269857789,-4.5224236641926545,0.4550054548867645,-1.9611811926481697,1.3157620055401207,0.3824429586940551,2.15726607480579
-0.053115765122480924,0.8178296119960972,0.3502577767867129,0.08084939141992949,-0.7453799752495505,-2.0118617694680965,0.6608773453984291,1.9765055232398836,-0.48849215320439765,0.3391899230759332
-2.9004841682314595,-0.99246340214377,1.3216978391124277,0.5501284821957289,-2.000110527454207,0.07173132970109879,1.180008849520263,2.7470870131107668,-0.015271575722653152,1.151329238622227
-2.0823531693701125,-2.4245356614804496,-1.708384771521216,1.158677276560405,2.740390774364018,-2.7112301627477224,-2.3011129679714,-0.4668183851107446,-1.9997981455497842,0.27943708617077767
-1.3944380557303728,-0.6625365335437022,-2.8030613263918935,3.652276213888859,1.1154521142813774,2.146145379409532,-1.681006376648218,0.13390524680758498,1.8703794656733255,-3.4172416669502312
0.24320690682921484,2.342440189292597,-1.404892868973684,1.908541399442654,-1.0437223448870803,-1.610848753717993,2.6115459886603833,-1.006799860774083,1.0736572161058133,1.1177154069786555
-0.645500079756404,-1.7179045767328545,1.7833535367403386,0.6512781058351733,2.8226271229348026,0.6297319812511818,0.5456351743674567,-1.9945239892677065,-1.8273930861358394,1.279304288511796
-0.07175419856477042,-1.7050283919681746,4.87031096546354,-2.8467977010395824,-2.534698505943351,1.5971252765137807,-2.0663594101540945,1.9069559164387453,0.28011826604997625,0.7140573228025351
2.627703263734448,1.1729828547960528,-0.02304172587809887,4.049160746188966,0.35579450126431283,0.8532214576216309,0.9476735054748169,-0.8479052461787506,2.407918942622971,0.7473758176957295
1.6188617362009703,1.219601502226644,1.2736015436391264,5.168363635233534,-0.9499789478635818,0.29040311977806654,-0.6502640287029923,-6.425591881267284,0.4820170141474272,-3.9839938217260364
-0.7839707978268887,-3.2614143398947575,-5.875355673359786,-0.8587184004006493,0.014213934777792644,-0.8486142890081388,-0.4852226783221135,-0.12348039006001608,-0.8368036164899454,-0.15621558116417206
3.073754676860411,-2.185523437571774,1.4992622866152523,0.07445591358836379,2.8229063220011823,0.364348906772342,1.045368244242666,-0.4383999263269695,-2.1990765045962797,-0.2824321862714065
1.9705037539006327,-0.029868396531385562,-1.032549615145796,-1.7601527713907583,2.6437814086588896,1.8828827415208897,0.1482905070644205,-0.3151669205272402,-1.0042917700991247,-1.6648193417990447
-1.5196935954489073,-1.1601003595928592,-0.18232108725165055,-1.9057906677544387,1.168601089050687,2.4120491241774262,-2.1276675046889477,-3.1089846098175413,3.6054277766700005,-1.905013581363044
-1.2926806022717132,0.8511331988284335,-1.9850660458482474,1.5767588860479473,-2.1648148291881073,2.1875081917984023,-0.6938301357256436,4.974290137868308,-1.81309326014178,-2.3056687054319625
0.2769573058994136,0.2763133541324426,1.3885662279304156,1.1459186492785094,-1.063160997717625,0.1051475054579903,3.7191179808734236,-1.5568008848507802,-1.2600985417195898,1.6742972225930968
-1.060619040918303,0.5294213028807655,-1.3559220413352648,-0.8558005917182426,3.4269181214851554,2.7814685444913376,1.2469784172809995,-0.13696877158610463,-2.1479226443952304,1.452628880183392
0.32037564142962005,-1.777921962351875,-0.28608612206520573,0.6003104792014898,-0.26944563467490024,0.5369415593354108,-3.0242908340749155,-0.9590694410987621,3.0496860266364836,-1.7631109668267722
-1.918412503581238,-0.35679705665119915,-2.1457537473490964,-2.5300411063058017,-0.2359549413990735,-1.4154376520876897,0.7421121737526606,0.4362202617397205,0.5993924122889872,2.269046341851867
-1.6049534917845014,2.1149370937105783,2.3521254031752665,-2.7113376892522134,-1.9716913383251464,0.3465287438214091,3.910354366126548,-0.7827743103993502,-1.0755591229450188,-1.1253629273693384
-1.3907019271166765,0.0907828896820042,0.9689710898508195,-1.7479419802100873,0.86526111302818,-2.66570250447918,0.6818760200785952,-0.06695112842930814,0.4938554041746421,0.8096746298989546
-0.8516781671473593,-1.8072272055618646,1.9061345599372095,-0.5791259056049575,-1.9808314297670093,2.8529380905926787,-6.0580236262850695,-4.820214699322008,-1.3479742630154563,-0.4074463484866913
0.4554012090375204,0.9998518851880321,-2.0446035729063436,-0.7269515257051733,0.8911288053218487,-2.7719404203339986,-0.7374670994272517,-0.7913221122124948,-1.323974283506003,-0.40908692800626445
1.9865368072057235,1.4228947968819758,-2.9009144108020553,-0.26624985456704214,-1.152000887373383,0.8090660215617952,4.635444558896614,0.7996621478582803,1.2401672306544989,2.0639134182762913
-1.0408019804805626,0.22327399409189952,-2.3267508296542316,0.9656694603809287,0.6484433762778107,-0.22672552560788053,1.1078518958727583,-0.39395769263908353,-1.055146393368118,-1.5050091207245764
-0.5644014291579114,-3.8731812470650597,1.4973564188347206,1.3330835883921022,-1.283701894821798,-3.3102361095006625,-1.5302022693938266,-1.580861369899549,-0.4515932205857933,3.3404138573951068
1.7245284120597122,-2.2522085903145,-1.2423837536424072,2.597133263946145,-0.9031245205036584,0.7718419095096917,1.7327547044171987,-0.7687381590580985,1.3749349518275453,-1.7345704794991388
-0.7238144129844342,-2.2532121094719653,-2.160529932301032,-1.1902489276176713,-1.0845878401431817,0.22286095119094965,2.5042068355375684,-0.4486230534020777,-1.8603183101311032,-0.02787126733039843
2.449023157437186,0.9200119634135213,-1.5699229186395616,0.3213423431763831,-2.8020029237242956,-1.8888470638721746,0.22334213834711775,-1.1364987650222145,0.12693717075809688,2.499766994575422
-1.1659569714528735,-2.3269744682935016,2.263008586343861,-1.5634963890666662,3.004801996533971,2.754706235701831,-1.914220752244163,0.47673431756243356,-3.482169051285844,-1.6654990194322252
3.7775120661866435,1.6233274244332239,-0.09255945069751607,-1.2611789753686353,-2.665874433476255,-1.6029001947406638,1.956039632863861,-1.3094871029715103,-2.116455395089137,-1.1493630922807316
-0.6480797048977749,-3.0555328893035076,2.4462396232897774,-1.4975378267180164,-0.7415388824726856,0.45642768357770963,2.656223682751274,0.6928084503008806,-2.843651031385567,1.5577949467202263
-0.6908913854747261,1.0309370577491201,-2.0694405824609423,0.6233689669601005,1.170110937410424,-1.342011520670876,1.8831044788263276,-1.0024047328822956,-1.0225498991306206,0.19799598833122467
-0.9378384272328028,-0.16180552660302344,1.7439940361043804,0.8584331240900567,0.9280150824063029,-1.051589727647406,-0.8171739951677943,4.2467541098504045,2.0575489244651988,3.1273152893670697
-0.10048608152733786,2.475734732537712,1.2028650010157529,0.050460486971135435,1.1658741424283172,-0.3801669452348813,-2.5614410578538114,0.059949843517813205,-1.784874002986624,-1.4919233494939714
-3.8685227712381405,1.102621420081322,-3.57542776218241,1.6561722189669585,-0.7644045379503527,-2.0662397206570033,-0.08914111803011876,2.321052219733226,1.6930226606269825,0.42372093134929806
-0.4255934707303658,2.4423129175580374,3.668404306007161,-0.17954244504432096,-1.7326052157164642,0.4263805117938329,-4.155624522409819,-1.6017850962961642,-0.581226576317486,2.272581539070131
-0.5744261446322703,1.334332949426279,-0.46007520587468886,-0.8734715034574444,-2.127566387011291,2.1564151130357003,2.2788001823509796,3.2965672773018118,-4.017381435301688,2.178627808380912
0.346865930761922,4.3498340727478695,-0.47613139958752454,-0.061067625141430854,-3.5192658287300387,0.5140300133062479,-0.10892285131140235,0.5502944559498296,-2.1237366465224357,-0.6293548244874115
-4.2681275483829815,-4.203255648100616,-4.162269009300298,-1.7960956872241454,-3.0834784705298097,0.10349191405181535,0.0887782459203056,2.2022174078447128,-2.8824527769938015,0.5641930793538873
-1.5501341796732269,-0.06594161016358847,7.2981298254664475,-1.167469579317783,1.1140626002060787,0.22753347448122185,-0.33486506337447325,1.3628548317433604,-3.786158672335756,-0.87407291803606
2.9965571433913634,1.3745345598406746,0.9979909348730527,0.8725904324197441,0.27714308165460866,-0.25080511835975744,-5.085274970364557,1.3077285495412185,-3.141839269257696,0.4985279921640473
1.5441084721646094,-2.6734848987907056,-3.129155725403009,-3.182003475232312,0.6326630679214836,1.7177321707065092,1.6192969879414352,3.5424336234361764,0.30659084148039634,-1.4608163593532786
-2.5146954276857927,0.9156841163174398,0.16160920861753694,-0.9742810936033296,1.716767254737018,-0.3817813183760003,-0.04116588557171758,2.7473154969308005,-2.7428057090807183,-0.36421119774224153
-0.25374464091104704,-2.585440416688512,-2.7363471309261365,0.5082835425242382,4.8078952907218415,1.9581343981041972,1.382544000652726,3.66464183579421,-0.5072251327998876,2.493430221716088
0.07921696604401429,-3.5529889428639922,-1.563346030920786,1.7961122055543732,0.8921653211038548,-4.020220422913225,-0.8366779290043196,-0.8100394692088343,1.4457196505371626,3.7818514624002186
0.7465823295289539,1.201840204076041,2.0673855963277004,2.474920724725096,-0.843866259635191,-0.968560349837616,-1.8812041354405318,4.07940415661713,-1.1771856484063659,-1.3181273474559305
1.7116809210276243,1.7683881112575792,2.3621147701585743,0.7699932547067923,0.4439622132832864,0.24352708850965665,1.0689628686110197,2.102391800249623,-2.1472958113730636,0.485637596786917
2.3881709774520385,-1.1926044629289945,1.4255332181909057,-0.8924633841881048,2.75256328510799,-0.8364458933793704,2.7943043319258116,-0.45220791957783146,-0.46549650089645545,-1.198940592873903
3.055095926119905,-2.463597301418371,0.20611193848663495,0.005450055875401689,0.10976692229381803,0.9287931091774574,0.4929108600733509,-2.209691947712232,-0.8032543315232075,-0.5797356739191858
0.3675864153293573,3.6798088948010244,-0.041284115682228784,-0.8650548610897042,-1.559321473122925,0.1847966203556881,-2.0283048936298895,-1.0739202281595135,-1.471361139448731,-1.7385290646574612
-0.6737136842798301,-3.0064595679946264,-0.9901539772681748,-2.7956761199780504,-2.006994640632435,-4.849840120375703,1.0498455622140794,2.0432788732332714,-1.5889053785123184,1.5649555017783439
-2.3534978588188893,-0.7399009961521327,-2.384664441114562,1.9403189804805292,0.06688190773009722,-1.2736772754538053,0.22748120274769562,1.461073105554927,0.8993420119212796,-0.45240293277301935
3.548565532316751,-4.835776467938506,-1.2402737214272614,3.0807779296031783,-0.23306859292624926,-0.37224597481338695,-1.721576460448863,-2.3551881169968407,-1.0873733885932428,0.9479446564681093
-1.9249305981558282,-0.39046454094709715,4.080355402575386,-0.05854613451374385,1.8184046359652253,0.13195168173427055,1.2939064793979038,-1.0598199369539314,2.3051534723660976,-1.2804414125512316
-4.451359967898677,1.2145510275598188,4.069111915477216,-0.09706092140201697,-0.5583057456706724,-1.5966727991840084,-3.283470333890551,-1.727795682937112,3.511035012937058,3.6452610766210447
1.5669811553684003,3.1845416209525332,-1.7054427746014433,-0.8497385446870338,-4.525085373629297,2.409136064704138,-1.4946546475525897,-0.2196532463726297,0.02728751222552165,1.8399924184793384
1.3319955801205254,0.1705195748797012,-2.507787798444282,-1.6047359591519472,-0.3756869902751171,1.0663343053817784,3.040396273686935,-0.061062775893098255,1.1560901862562158,0.34050980094746475
0.09474518293880725,3.324928290847583,-3.3006925374971425,0.9473094793703593,-0.6878932801497125,-0.7398063609672325,-5.1859630601714946,1.8263048847236762,-2.4211360086848748,-2.925457399176187
-1.922413094878572,1.8214877519269794,-0.043147753247152004,1.9424128411169184,0.050242774061074434,1.4588016383919447,-1.4916515998133821,-0.12449444088403144,-1.4891249326432343,3.105818010198928
-1.5297989618486016,-0.7664041147343204,-2.1615001320300054,-2.397884053272981,-1.7514392472174587,-2.0127324244170532,-1.2075165963617587,3.6640766542567302,-0.22999987688765397,-1.3162091786645322
-1.7056490311096943,2.557787402558361,2.3284843041267913,-2.51603385516296,-0.9025676919206633,-1.9083121532231262,1.0430950356237796,-0.1658898423182265,-0.50274264570331,1.1684110789050635
-2.3325163560831936,-0.7930255865208087,-3.1425234968169096,-1.0014252816394258,-2.381525956592777,4.990184403256161,-1.087541498980472,2.7498468066962154,0.22949656440234847,1.076740665806654
-0.5229316177272983,3.29844503442394,1.0424209236527626,3.138007563165764,-1.0287265138523367,1.1923774096606274,-2.681393840855553,-0.1347331598419059,1.9016975229107724,-1.7985127666874194
-0.6752480871410187,1.6230635467212582,2.613803835243946,-2.1044094236531032,3.865335788333552,-2.414149244885707,0.6074936384209906,-4.490180499071158,0.5725895610990885,0.7605920798292732
1.370274978991844,0.42628929261438425,1.4121636462108615,1.6943748921543924,-0.36156155890219044,-0.8951503290179719,-0.42245412457468823,1.2351882751005105,1.8072101100649176,-2.5078216189143014
2.092115408256997,-2.737338148790535,-0.3198767650041969,3.5371483406632414,3.305399525396632,-2.5000550777426445,-0.3332788185296712,-3.557909675117676,3.2968123783038097,-0.029656560664692393
-4.616953111109383,-0.5889669509291733,1.3833977608844994,1.1106831777324964,-0.6774568653397134,2.4012707568143576,-1.5930827669290304,-2.267750956515932,0.5954495673925905,-3.0119919009115934
-1.1582037167032408,-2.557738825364542,-2.007198870890016,1.1831070259666365,-1.4807619108075518,0.9537459527181299,4.711495889871067,-3.173053325998396,2.1598164102626787,-4.803946261482762
-1.507432068943007,-2.501203914838481,-3.53328897884895,-1.915595525838488,1.4624603649862966,-0.48333368163028123,3.456464351465144,-2.284027955731834,-0.3932174689783718,0.7426433781350801
-3.648561727219354,-0.01854339043406863,-1.0266752715373852,2.571737170408422,-2.1869302806373776,-0.8721155879986655,1.4246562610834437,0.9193226387295242,-0.801526435699851,-6.332875256343997
3.5554112786833554,-0.40095473913568896,0.9595469376862004,-0.19644270742051548,-0.39084425502298376,-0.613541731449081,-0.5294447281998907,-0.011489613669363415,-4.7773754517253915,-3.8106827590060295
-0.31330507837755694,2.0874587109827094,-2.709928691619846,-0.31234524761047644,0.7741073972321056,1.1218422247814173,1.7924649280570648,-0.30913745467540776,-1.8382857127426173,1.2161338118922798
0.3799506368811905,0.7929703511362399,0.3788699585078827,0.19982484756528834,-1.3215880870039487,1.8089580229723075,-1.4097288105420491,0.3204760053791819,1.7687370548576473,1.4792910443651752
2.2122681155697608,-0.5234296820775628,-2.1272490305088074,-2.196011468313897,-1.667064857351864,-3.272377670362196,-1.8809260979427613,-1.6298109256259004,2.1636439305877704,2.6893620942622065
2.288880136967974,1.6850429680137533,0.21987903615937093,-2.232004387408025,0.6266578501318554,-0.7953593445562704,-1.6825230125603499,1.8289924991086983,0.24974538615219632,-1.0028640237066488
3.053543189267164,-0.3049867988307387,0.13865823462313004,0.31087512630883213,4.799823583813672,-0.6149377264396153,-0.4082365776957603,1.3913708208732758,-3.387555151651675,-1.6967760934808331
-2.8826867749094425,-2.5810974350882896,2.2032219041815835,-1.1125139190835147,4.688089054508239,0.11193405668252074,1.8763291947149139,2.0631499764746146,2.405997955323681,1.9849798327810908
0.7521534139138868,-2.4951218469427885,-0.6064402178223617,2.489383449516129,0.22477396648402967,1.1012789776822018,-3.978831467191912,-1.618901016088877,-0.21155545937775722,-0.5948088952985113
-1.6744914077798942,-0.5898382533605858,-1.1722608786233117,0.6895799572553044,0.5037866919644571,0.4291936741382139,0.27381223299870583,-2.4869428512815013,-2.2386123971951446,0.8131956985875637
1.2536915974249836,1.77621519381068,0.5280252548764698,1.8370803915886482,-1.183449002764364,-1.052048608115017,3.361471156931513,3.2080430277303646,0.9879957060176084,-1.013633690473372
0.9825408472955846,-1.8641944840205125,-3.5550839685480353,-0.11851910433940237,2.34363442974516,0.9476673264066314,0.5902827426816085,2.8789954291062303,-4.082260026488955,2.8599217871666505
2.1926206134934167,-4.765547736886362,-0.875726095778657,-2.1676512757677906,-1.001974617512618,-0.7760525956453309,-2.985486146173181,-2.7860406974796055,5.632056895040115,3.38583709556269
-2.863425629358301,3.391566989050445,-1.0754175951944105,1.5197161975174753,0.9074453645059016,1.050005657544365,-4.129225712696004,2.2521445721797795,-1.691322322623214,2.0420634249405776
-6.172239213173699,-0.12224517101041946,-1.430949492363502,3.0182694641391046,0.0569029648036074,4.4418444715614065,0.5760222891796153,-0.2247974822898281,3.3387330222874367,-0.28612195571984994
-3.573972269528095,0.7078028647076895,2.153425484455804,-1.2762920136178069,-2.2086775680099744,-1.6266897568239194,-1.2172338639258224,1.0828705054773546,-1.6365694999022835,-0.11419079279868614
-2.06570281053342,0.7409706070678235,-1.6109713142970414,-1.5456236284454896,-2.191897586091431,1.4023105940637755,1.5682035920064508,-1.069866554234652,1.5512438421094312,-3.1649472688000784
-2.0973179467100573,-1.0493682077995936,4.7318807136510355,1.743853798523874,-0.9622739061852683,-2.443323066967376,-0.15048845317657455,2.0674197027298002,-1.6577297171967722,0.15297112506697794
4.127528481444144,-3.320384685443252,3.06669407031564,1.8769150074603325,-1.006477934522056,2.1599015588230284,0.061799275525508846,5.167675738226183,0.21628547817162472,-1.7753502658309184
-1.6702158257162354,1.0665621034398243,1.1633114788965213,-1.9119184044571864,1.367197356706721,-1.042448130666883,-4.316155494167334,0.31818599010371884,0.6822421458820418,3.166059976688897
1.6950721692526929,-0.055172449426919824,-0.4784819213035663,2.894505114830344,-0.17419178244861896,-2.4053618372704926,-4.334719647387678,0.09744476540704433,3.0414455393105166,0.5857042340133362
-0.6197795016295001,-3.2030561623274907,-0.8364941647545536,0.9421097865707968,2.848429176857657,1.3815906943548504,1.0634436035056536,-0.9836025815084558,0.1711826213110704,5.404496742348918
0.5789974172698433,-4.900189367276063,-0.4979096685694594,1.8537727841458818,1.461367232519949,-0.5866732462063808,1.0596595806431655,-0.44759252197615473,-1.1150873681026614,0.9711862076915956
-5.39916675397074,-0.32004800080713014,-2.3784430605750386,1.9522751261996751,-1.3839064807971644,-0.05585161146612052,3.1340029518661345,-1.0491522896626964,-0.8258540395179174,-5.54630464910194
0.6613309707665841,0.9119628419534479,-0.7152281749438029,0.6746204267851998,3.276217341877302,4.302380245751311,-1.7568042821346987,1.2797002720298112,-2.011605700926752,1.7668163376229093
1.3932433507344681,2.0110780747831045,0.26132146552316426,-3.1296121366926077,-0.16576303935094536,1.0902799157344292,-0.997285187716626,-0.6387312111087419,0.38184849786669833,-1.043975342958736
-1.053571441166539,-5.855257717620524,-1.9022095812620516,0.966314201712213,-1.1333706676585495,-0.9254991743025994,-3.075819399380653,0.5904101541480826,1.1473994357470905,0.2461303578979793
-2.529364115865724,0.35635127115711074,3.0345638686728647,-2.8722828958904363,0.324120717565371,4.130568631089916,-1.8931263118231976,1.9118786428494488,1.2719510097460855,2.0066880385057786
-1.137960944567608,1.7451722729196877,2.0152247614132452,-0.3052314892888366,1.8216504263390652,1.3472078006774537,-0.576383527860404,-0.705696268597977,2.7650646787937174,0.5842981723538374
-0.5964483337020777,1.5564616891321876,-3.554835965070738,0.1850432945916311,2.310231266742313,0.5651746783275022,2.553182012642564,-2.055207211001101,0.9316378541779817,-0.41885894887196873
-1.2471221899638,-0.0756034217226695,-0.893288626794703,-1.2988457348946407,2.4603107328177534,-3.9065496285029373,-2.7650742871866676,2.4131442686911084,1.3988088107527201,-1.6616564267814142
1.6724973863478425,-2.630099439645874,-1.6990789296153863,0.192455887677366,-1.1523980815427712,-0.03609290659215943,-0.08709846215198576,1.0492682825963793,-0.31418495717971345,0.23264205739328825
1.4168123842030897,1.481178781617413,-1.9438077494389108,-1.943257640264356,1.6523204565898033,0.418620021644924,2.3886749062447246,-0.4359206668269144,-1.720140805344399,-1.1828341949724408
0.8727690172791779,-1.4464216036893407,-1.5166956658563278,2.8127609882809628,0.3465319032858335,-2.2582471920095206,2.5504261039245133,-4.526908738923254,0.24876541033347538,-0.12208488529777949
-2.803413971808879,-1.8160822461584978,-2.3552543405358333,1.533948390809106,-1.6215095472784484,3.3792663878525104,0.0009007455508582394,-0.34770306575807086,-2.063397436636007,-1.161889524610236
2.385655375828662,-0.9523360006553759,1.1237009767514754,-1.7097145078122822,-1.1440066792271986,0.37534576560699606,0.08546270707389227,0.9933050459890861,1.850982976188366,-0.8059112793695914
-1.6278089193485044,-3.541213979130992,-3.7442122108755287,-2.609511103446452,1.4568581590000658,0.45566623503555576,0.30224277600831884,-3.8685839898023824,4.418802517763042,0.9001818849476905
1.1503701663298544,2.4977630687441104,-0.687131733368499,-0.6356004453983983,3.5097666011957225,1.3042387338905925,1.0211032273906555,-0.27614335406031804,-0.9876632316166293,1.4452302526500893
-0.844991782363484,-0.8419987055510046,3.662506480867056,-0.08948259783704951,-0.9801932404721054,1.7862198075206785,-1.7883846764353188,2.41340337688309,-3.6670317015024776,0.3399776208208873
-0.10885861577408233,2.0400930038730496,-2.4104218331554645,0.4959240056102239,1.9124537938810053,-1.4748645431894496,-1.7862254576726166,-0.8064886748190414,-1.6237393240613722,2.10891770391843
0.4979018579714838,-2.418234685526701,-1.9508605967233232,-0.8229383022281256,-1.774865338413957,1.5259564509748438,-0.7702199121956333,-1.5817579228170868,-0.5219279321425057,-3.2018474978407476
-2.392424766295644,2.933901586194963,1.5867859384965908,0.30490819708838574,-3.804292298274991,3.4320256970308423,-2.5120092977021153,-2.352901332006635,-0.3701192549026117,-4.761895311483453
-2.166486889734287,-2.7517913227933417,-1.1709691640475963,1.7439160394906807,0.6023652089767665,1.4303816391388968,2.453971119514663,-1.7236784515263897,0.9651746306871458,-0.4167493165966075
-1.072178481664707,0.9885238563104624,1.2840855293171756,-0.9799089789626797,-4.388348732946555,-1.3920295198101045,-0.4121497932557318,-3.9914405583287222,1.378971476698212,2.4030696882285145
1.6290501379792457,0.9653263846161114,0.53646153136116,0.12284786037811113,3.3959124383234784,0.18508120253276433,-2.509417331206049,-0.8776023268990706,-2.596264627552529,-0.5088811476202465
-2.657654886254328,3.034799019602521,-1.9643849353638148,0.4813007103012469,-2.4494112292450354,-0.6863687292411141,-0.5136715422693484,0.17251796497467684,0.4588670300326631,0.4685920955861528
0.3796464220369317,-1.010265772711459,1.1716189877072756,-2.409305033488345,-0.5708329201954083,1.3221783112909435,-1.8630833854323015,-2.606269751946721,3.21841018761294,0.9257665497916626
0.9996635556504474,-3.156263805823108,-3.026212429895215,-3.1440909475371854,1.2731645850602944,-2.1758980738654303,3.0536853298573394,-3.3580225676164717,-2.1246153812754374,3.6765424289368305
2.3760140534007057,-0.4854991291182168,3.5333142565033357,5.382403176064605,-0.7372591368124374,0.7137663531815028,-1.4119565358128545,-0.6832746854299016,2.594500585209813,1.3070312862682478
-1.7968624044661856,0.835112012985951,2.168065366263333,1.0981237294091222,2.2280193681656977,-0.5922653212341433,0.9363516236675348,-2.4151814214511904,2.0396765940145656,-0.3147937191352158
1.9235315989642952,0.5333559045144296,-0.3453141868756342,-0.41650859038548177,-1.4588486017566276,0.2296850836823273,-0.47935186067275554,0.3113990817592238,1.8883037864416392,-1.6339150719698379
1.0150656487046879,1.3930633002212964,2.232012345317759,-3.2230913206636473,0.1737760771735187,4.486671470253041,-2.5090924713187697,-3.398249502981558,-2.043469029901168,1.101600362715984
-0.6341536531382926,-1.3848150091395541,2.0481199753681607,-0.5232878258090458,3.2701426400126237,-1.5166734018188819,2.1891870070003825,-1.1486281381032688,0.7165536141219512,-1.4157459808617392
1.4516045952630667,-2.5872790589208496,1.791477749938504,1.507760380799623,0.5093934030665404,0.9683419709475101,0.22342540126275573,1.9850393889849978,1.5441081656810132,-2.099499791248549
-0.9246595566629993,-0.4123987796074159,1.109217353122833,-2.752446345066928,2.1063877083176044,-3.561062381770892,-0.26751614929198664,-0.13919483004690586,1.5300902333263176,-3.4676542197310285
1.5343885175235343,-0.9758506805289004,3.58688882859081,1.0430238076591054,1.5345070797505846,-1.3241677740543212,1.1733155588582642,1.8168536225323053,-3.732747312037352,-2.7885344278028814
-1.045928747411879,1.1309611941760607,1.4402693039933614,2.595168162706108,1.182026126271587,1.748503126726983,-2.3720181941305305,-1.033410331074252,0.201069055657619,0.8904920786576945
-0.27665362828668766,0.7024564405809924,-0.6353111819691694,0.9757819612961868,0.9616188783819178,0.750398240226324,-1.2207687626874213,2.2925508014548273,-1.1501942377070036,-3.1877756131172923
-3.0942582903263887,-2.4399325007524886,-0.8368911219693674,3.675365805837762,-0.4704250967668046,-3.1598185885668086,-0.5435859226992527,-1.5853196815442319,0.3419781301219452,1.736347227850634
2.3244170020507404,-2.535642968160436,-1.2622229842318928,0.26726124225950965,1.9378392083940543,-4.219647003534395,0.9804027898041366,0.19868358255321358,0.34914311591640196,-0.15574215305385833
-2.134363225478593,0.6101760541268689,-1.935714389776666,1.1874416990886916,-0.8242821945790951,1.085031136760158,1.82810047094971,-3.5525604994968134,-3.683258511923958,-5.204790192736146
-0.43242108312041944,1.9881621973080859,-1.5262014807038422,1.2664453432286298,3.822229981902212,2.52074051491741,2.127623487313813,-1.0228823144740933,-0.3454517690030525,1.3361879424042509
-0.27877502108434205,1.36258013569644,-4.362065561852452,-0.7350878387119341,1.4859728635296137,0.5826414910816942,0.5722836021839657,0.8348537046885215,-2.708813719131956,-0.28355426943707024
1.333487938199493,2.780420488001362,-0.4979977939000435,2.647670573216759,-1.8389135768931473,3.4883530582331814,1.6205243171408383,-2.54209391582609,-1.84583641180003,-0.33026907783587617
0.20189985560414342,4.785043642683976,3.510211466512154,-1.005854503279745,-0.26747168526157683,2.362458534198227,-0.8017113647733644,5.397727577322069,1.2689833629041065,2.3129214197385917
3.767998239131423,-1.0776135294007951,-0.9539432781373756,-3.966399854391451,-0.6353848173788084,1.4640485025113041,-0.33216560617025914,-0.4022402032521507,3.763916323283707,-1.191499554026487
-2.2527821500147613,1.6955309788737598,-0.9470330548528009,1.9591715408861285,0.5791406940606488,-0.4509202300143564,-1.7239353556110073,-1.758032115856699,-0.4704713449747183,1.1965594080588715
3.5765998592723665,3.3542611000286082,3.466247878652732,1.361009543577389,2.7948197348794914,-2.110073549935237,-1.4824650530095562,-2.236451979171551,-2.006044561510435,0.6332556504825184
-1.2805439203083215,1.0928164171186172,3.7690236958360233,-3.2606041135500963,1.6642314122387414,-2.0098549959521117,-1.7515962599597117,1.447270093335878,2.325514683943041,-0.9687285101942624
1.1162549620416338,-4.594062498526656,-1.4033991441747162,1.428741449888451,2.4842741200579965,-0.43812436428002327,-1.6968972269377378,2.5836275119936705,1.958278406370229,2.6887950432736916
1.108763350012522,-4.925151030362431,2.203298071990958,-0.014979775752999358,1.0960083391713589,1.0114807224205138,0.7486423863857217,-3.030676723195812,0.44913885078418647,0.2641225423717759
-2.8067573059101356,1.3878256407998355,-3.4875058195130326,-1.9712079582769686,-1.157408529217306,1.4408319984247686,1.4868231752181091,0.8850180031378237,-3.51182709491974,1.5172603341728457
1.855732923166187,1.3473041807811021,2.1910302680631837,1.732513404182179,-4.058588047388634e-05,2.7403372459439717,2.5021360637142775,0.3186743024946184,0.6662372262226313,-0.1310810966268872
4.271877879371483,-1.2008904634708855,1.379144932992079,1.6128416180840255,2.5729019995615574,0.41688020011378996,0.234603115101335,-1.2751370006149765,1.9181428198259012,1.737466827785286
-2.732285351239513,2.0192696530692036,0.1829357672717949,-3.1045673912204492,-2.9588041170697736,4.817529858549231,0.2678857378983872,0.8880605023821407,-0.5136194362356109,-0.2590681412541468
-0.9859967392223966,1.077921078029599,1.5274583874433758,-1.1650140005098153,-0.5064917636035725,-1.5812484738954975,0.38080249176496184,0.15378326430587727,1.1830359338151533,-3.9265198635152245
4.212171229181075,0.6109964951614901,-4.763734789195627,0.5749284812435371,-2.7961553357061475,0.6148021863863412,2.3148252522324992,-0.40860812685114967,-1.456487214142325,0.9197905568026036
-2.9533030869448784,-3.1542938236307756,-0.43277509388852964,-2.3154837017462127,-0.6545390561110831,2.5895640245877343,1.7309591382368665,-1.8745194675799512,-2.4115698085338275,-0.8798608901830458
1.775399894844254,0.9474204666018529,-1.557189478199244,1.027645915595941,1.5046644157056497,-2.6397512995943613,-0.1509471635919502,1.9589001901052758,0.21183938768479305,-3.58563557482526
-0.04840489775630905,2.5763892013349023,-0.1696239580378292,0.06200758603698292,0.05603210269863426,-1.1919527030324144,0.6981148638200234,0.8107026956912305,4.068968259723451,-2.403778130152827
-2.8259396023999823,1.0685067396085635,-1.1617191844451926,-1.763649879513093,0.7488158566735714,2.443915871199503,-1.8312390962496399,-4.159065680216047,-1.5278364384564984,-1.641787789166223
2.484311380435831,0.519262660605572,-0.6056144781184357,1.9134919308013467,-1.2998720286994543,-0.7793040941639385,-0.4916028062571983,-0.4403557842000951,-1.8917417864588444,-0.013070730888406438
0.8190230708067012,-0.9735987308412144,1.717978048576681,-0.7093010330836997,4.2120570015235055,0.20768773139588917,-2.070796127250254,-1.201312172060285,0.4352581992964189,-2.3886978452889025
-1.298593606773397,-0.15831020784835156,-2.72260446561206,-0.6782198377026405,3.1420524089230377,2.49005426946344,-0.7102480098142048,-2.7015637591319597,3.9596276804273223,-4.387927240915025
-2.472367142245454,-0.1539296911496691,1.3756172590986993,0.660347828648596,-0.7157799613965743,1.539534852874902,-2.906203492141507,2.2337660778546624,-0.04393123917355391,0.7232396160377789
0.27400879384243126,-2.475572370998603,2.7452954731335986,0.47739680360266024,1.7719549045616731,-0.1143352401161331,-0.04030230148816005,1.2051496375912987,3.371042914603563,-1.7222330672515445
0.900279753062687,0.9985846959046825,2.725240321070983,-0.1483487866329724,7.102179519074385,1.5023007887112523,-0.3037878015399381,2.717303688305394,-0.7282970486230405,0.9044850773768346
2.068111674250681,2.144079237747022,0.9355624575879525,4.175592988550875,4.42917049560587,-1.0635229025144206,-1.63291039283696,-0.10637858691905121,-5.6145338672629235,-1.047130130499039
0.9416269076885623,1.8521783678042412,-3.0973672689288083,-1.0880923953841894,0.9346253808254219,0.3072214506077581,2.0532250072864024,-2.455829396063543,0.4432456089667732,2.508780488595834
0.04371646623944492,1.0389322063318167,0.29723562508546536,1.8961059052688602,2.4982505755096107,2.6353587363890516,-1.2391455558393814,-0.09703923567787412,-0.37034296947802225,0.5200669768087988
0.5710498261360464,0.7773904042991153,0.2645674443597977,-2.40632759500142,-2.686208369248778,0.31388944782848627,1.0587705238765468,-0.35977485545092697,-0.5755867457508179,2.226750669587512
0.9907944402433809,-4.243110202923838,0.10279858892446855,4.955798423793499,-2.347143056700833,-0.5746017297342835,-4.445410812864381,1.711227707002147,-0.10227939498111596,0.6803607358646425
-2.3363242153421364,-1.4525797315481057,-0.8236820293790523,-3.346440061376469,-0.6430383045386608,-3.4845399892272706,1.013982733957877,0.6798983025559373,-0.6407168544142874,-3.818588126058437
3.908780303526131,2.4446813517456962,-0.5647901965465446,2.339945243386854,1.0549371303039072,-1.5061546863709714,-2.3530642060367613,4.666664582882709,2.0292590900373795,-0.9219984602271217
2.1929263952918703,-0.07307032983320896,-1.0033627795147868,0.6916665387486884,1.446514387818375,2.8221627220261323,0.4728691207169573,0.23597489735030502,1.079945066007732,2.6302786503402613
-1.1376950970377546,0.1595974846227606,-1.237028388569524,-4.775968998289228,2.6966353108234817,2.9270662262867813,1.6750463094052956,0.8715197630854501,-0.835894569521001,1.0697636704338054
0.8322631111640408,0.0035666853415809233,-1.2064754719718447,0.3920612027905845,-1.230133825128539,0.3550114230478034,0.11959138388112188,3.5657998915894655,-0.26406369811618996,-2.33716216122147
-0.8408244914861077,-2.5166273722111665,-1.2800025594128257,-1.0603358959615008,0.11665902399938974,-1.3299984538329868,-1.8859275113865006,0.6920109973852077,-1.2792660251617665,0.9861932696385468
-5.495597542004016,-0.9848521035283749,-0.08113114390510885,-0.11184481635390009,2.5061122336106973,4.334751842541733,2.687403737788626,1.1559755213958312,-0.1769387875052016,1.6342504715602768
5.302919288442355,0.05051098796151808,1.4337460080088549,0.16157125644836756,1.5031546238501599,1.4826751374931457,0.5829931218095749,-2.0475430404678225,1.2394105985667956,1.4309702362312804
0.5190433488709402,1.1729374010198506,-1.8818637772764562,4.976945634547383,1.3034598035769998,2.246666502457729,-0.5127523642730658,3.424873556076128,2.6961856667324833,1.6767657828827403
0.7262647270080284,0.5780969767558094,0.01803958120929574,0.03556170434664761,0.5336640101137049,0.023337826243187802,0.1682102047435501,-3.784057738055425,-2.240344442689913,0.004718740113751771
-0.23183515482963585,0.6108076876673607,-2.11728665413883,0.47924708521191867,0.3842059785373412,3.858249466524988,-0.04266057996755931,0.8504257278212011,-2.160931193333124,-0.3920261169866125
-0.22795920830617208,-0.8298776419034866,-0.9207093737550013,2.0299505896362637,-0.5317060902687182,-1.7526132566652983,0.544632721741293,2.14036920936379,2.281160327070047,2.7099693050613625
-4.185582008723836,-1.0902033090754322,0.12784360251063603,-1.363120637014572,1.0265023093434953,1.4919302956963887,-0.8575510875413489,-1.4424979233906279,-2.4893840610853695,1.9302931851231322
-2.7815171605575477,1.2580469432396488,-0.1041357875136955,0.8720334385329084,0.6600614551280749,-1.647476662110811,0.6086530902885195,2.9838487644720035,-0.5667874271223644,-0.546749928165564
-3.6960425130157826,-2.5397389125040717,-2.222689125045146,-0.14641667748874632,1.7847907393157718,2.468499359907655,-2.262927958980266,-1.4255384063216165,-0.5798638983295923,-0.38774459616910184
-1.8259092909773786,-1.0950275707852533,2.5567334897037677,1.753388913127585,1.3693804458271088,-0.9067064983798802,0.1212439082705026,0.9281104965119262,2.4310102638233477,-1.1665326275003143
-0.2508160615098269,-1.301548467706044,1.694739821962907,1.1742794857065453,-0.8355079936404661,-0.15583384096825087,2.9172333981128,-1.115243284770542,1.931562272957877,0.20262778038150253
-1.1516750531095798,-1.2217487930984403,1.7847633712453614,0.36715083945671523,-0.7982482032700992,1.9635354700651046,0.04460485757944604,-1.4180386327568266,-1.3355756120325122,1.10188681268085
2.197015767811821,-2.363490932093018,1.2918744652003362,-1.1821417928214686,0.46920219815580705,-0.9337621845625858,-1.6410807195604034,1.18347840707288,0.6083422845819226,-0.8543641071557789
-1.195302262931519,0.4022362443048478,-0.34766135904870443,1.621690668219119,-0.5359034331861254,-0.6670901286368371,0.6723923858758821,1.478003503333583,3.409992092766044,-0.7213870348560897
2.590288229824655,-1.3933146049307856,-1.9718484952347057,-0.009922995282448353,0.8753157892986891,-3.5589981974214298,0.29891420752394576,2.083842908760263,2.402122175659611,1.0753115073820152
-3.7780618651123397,2.1701948565213303,-0.48687499962670205,-1.838478073580849,-1.641803237346381,0.9013860323583197,1.2911839153623585,-1.3640356963661135,0.6692376931481725,1.1903786320681309
-0.8178658753018464,2.7128832067584865,-1.073199166794162,-0.9625760992951066,2.4222936929335797,2.5725325412325555,2.133635201886663,-0.15414708389373374,-2.2400212622222635,-1.247974246596256
-0.9950646870781897,0.5500956078658445,0.5026147205924963,1.9127745054265428,-0.22060322791266518,2.2334349617409597,-1.7031362665006673,-3.4157116709050594,-0.1500265296082041,-0.5354060599702386
3.4852910096671197,3.3558131843017027,-2.507754588352993,0.19605017015362725,0.26668505559555317,-3.678350782490718,1.5861106971163341,-1.3059843439749563,-0.16637501152989465,-2.844072839588767
-1.7378136165365377,-0.36033975619694236,-1.0700148743130167,-0.4791746704046665,0.09622183946472884,-0.3922629802598503,-1.4635163988646605,4.142433066442317,2.8207073064395507,-0.4797563911651892
4.749244062049436,-2.9427353138387766,-3.761486698146321,3.4996896620682683,-2.221815639777199,-3.2305303756953605,2.11397523934156,-2.802580646398837,-3.384755008482147,2.4073431750700114
-0.3761570063628886,-2.7326542173342694,3.056315741317078,2.530362653036092,-1.6879550218146375,-0.7177514973406132,-1.3467314619212882,3.6720477412355716,-0.45631925298607867,-0.5934834242610202
1.7408414575772968,0.7117924389044616,-0.9705006312387904,0.28631376150757565,-0.7944432362990097,-0.9853793636216489,0.9177038366114616,0.1899826745267663,-0.0023934870100012265,-2.402598387417174
3.0418028433353403,-2.8577348902110717,-0.8639772307806118,1.365124878171148,-0.3571701910330929,-0.28945191814827587,-0.6522470252025981,0.5965717040356333,-0.002383659941824349,3.806480173889677
-4.283811595600381,2.045427414688532,-2.104566052090394,0.7508608837682827,2.8040688779030005,3.6500532784694415,4.625950750383374,3.402790264219368,-3.9192234891323854,1.2807491598099148
0.726283967363825,-0.8908104277232903,-3.302772372943803,-0.6309790556395053,0.4034094010101434,3.3893923040055287,2.84903661267944,0.46102761278912313,-3.916725378268069,0.78835536961789
-2.530702039058085,-0.5438534772661857,-0.053702477202959585,1.151403987681407,-0.1059069016849679,-0.6414982014766013,0.8660324821614022,0.008705215530708566,-3.474709074598828,-2.191710937992792
-1.3386366226944169,-1.04856968400204,-2.282403301275725,-0.38512048776314134,0.08230464054466817,-2.311132129607097,3.4054216876088788,-0.8588176963371471,-0.3128451055882998,-2.061795350573839
-1.340113172328298,0.2505501552843089,-2.0286417483926686,0.7028642821390194,0.033805893879368915,1.2489286416980954,0.34050239148635825,-1.381758952459318,-1.900536924899229,1.231113089895169
0.8932880456360598,0.36212783389375136,-1.7173047877702121,2.789150320526424,1.0216456194557586,-0.3390427343827359,-2.998329525933458,0.4484088269197497,0.33284059018106155,0.9950907766935885
-0.2350852803751573,2.6124531802537634,3.3994267305599504,-1.4940069263386746,0.23693058973330278,-0.6173008567813086,0.44908813250989876,-0.673553372595994,-0.8779005428665075,-1.5868663754790937
-1.852742407483,0.226711864040849,-1.7355787689348952,0.5457501797812767,-2.9350732496869627,-3.178746443677241,0.9984855662618422,2.0455280708496066,-3.676412648311076,-0.6173490338424322
-1.15038019386383,0.055646944822611594,-5.612979887683203,-2.2858150680502223,2.426331262217608,-2.741907739910416,-0.8902302955065046,1.811924333058087,0.7587082940409464,-0.3854802037193192
1.029186489717706,2.645976639988748,-4.561279363261401,0.9460503897171972,-0.5183374508284877,1.7604668282510367,-1.9958594634864781,0.610846665548616,1.139103865408855,-0.06709241625646961
-2.018704909550375,1.5234438046987984,1.6660684538946657,2.0237079453259614,-5.02052409583675,1.535544350983167,-1.903874084503735,-0.6780367438736504,-0.9147721459805578,-1.7682068283831551
0.8542331784624921,0.1453548787448784,1.1057435468103887,-0.6037343890754752,2.436188617780033,-2.2571573991722693,0.5150270764235407,0.6765490272599621,-3.9895666302258963,1.6524355973299716
1.1363089636155304,3.0414711068356253,1.5495369928575846,1.4000326494572033,-4.199731045981147,-0.7014199366515966,0.8361259670566323,-0.3455131760158697,-0.3894520283755291,-4.540306596653162
2.107076717027726,2.3943584093887553,3.928245121898382,-0.13051528253561448,1.152441391455057,1.557023149620654,-1.7579881063215843,3.065295167141123,-3.1303615295297917,-1.867966755353746
-5.176080499296633,0.5565338134822406,-1.0645944830573257,-3.0399773407890063,1.5662017510149002,-1.2433691523861055,1.9711562335673223,1.0311553109417668,-1.273141727995258,0.09266632474469774
3.6541063833639837,-3.8203083167915013,-1.2503336824056008,-0.3445284094944612,2.6980986503205155,0.21751976430014922,-2.063006588788603,0.1356734660166665,-2.1916862982366947,-3.7054716844238893
-4.502104861941923,0.7794288533559558,4.220754187887783,-0.564071712050717,2.393038188653943,-3.8960072540638206,3.017116665158159,-1.180504656789135,-2.371764269630439,-5.6067128553017636
3.005408193866739,2.93906143452277,-1.3927249067784242,0.6370960861815436,-3.5185307772955,-2.1489675737597604,1.8693882069126062,0.5366563045392696,2.488275976827407,-0.03691575081508416
1.6570909432738565,-1.1468696243824732,1.7869051890306709,-0.4743936070227436,-1.7383961985070575,1.2527242352717782,0.5066612051689535,1.1167250051399442,2.494615792861335,1.649580752275192
-0.3117496541788966,0.5163437874221334,-3.5188755713042563,-3.328548736598443,2.5796622278550227,-1.1045372007615668,2.950795403036124,0.639757200050632,-0.8444073665173277,-2.1144630126898543
2.509138425655289,2.7172388312399596,-0.21808084263117447,4.2487283795546515,1.1757021178916212,-1.482692527733729,1.6421416270847642,-0.38696882283809714,-0.2244698891777054,-1.720511740125069
0.29494170127476554,-0.09505026377773586,0.049650399945648425,2.8329368206385497,-2.6363538671531144,3.4154941279293842,-0.8368242937057483,1.5328179582873915,2.276918628794685,-1.3770469183054843
1.4936165382364313,-2.12272782617409,-1.111947358914591,-2.5009605267528183,1.5118373062496884,-0.14589567276371437,-1.6878686040373663,-4.408064559581951,1.2334572955004195,0.8315565965272207
-2.6901094066040323,3.4990739388029173,0.5069077839761699,-0.3580585893415177,1.4050647640877094,-2.791748590608435,1.3615804725969054,-1.5786625684461808,-3.1019900384042787,-2.5936954936370964
0.45610242573200016,0.07092742068989827,-2.3248888558080743,-0.797400272485239,0.08714719596055095,-0.14536950542471225,-0.46698508966088287,-0.37922553458984953,-0.9576893710954896,-0.8807706484257822
-2.386824415247361,1.6619885004105757,-1.522042327620464,-0.6398263411901948,-1.1491298455349777,-2.244206561338296,3.5878864427895567,-1.3392438219622083,-3.6152888572767132,3.879760502704878
-0.4171871204030549,-2.3166695606561603,-2.728430644602021,1.9734894511140917,-1.985204122912439,-3.8844768459740013,1.0264502736466419,-1.3552355916925567,-3.983181251616137,-2.831567793390816
-0.37674288169950865,-1.3879203930288933,3.576408186433579,1.4411737192162861,0.5065710430131634,-2.1596754329136214,1.4318114845640293,-2.200500932701973,2.1225028800420422,-0.05994048845576039
0.6161860316086787,3.348791727308224,2.4080641984176094,0.45323799566340756,1.3665690096237504,-0.5021001045625335,1.554894251648729,0.7464726009770463,1.3438572484051052,-0.4535243484832614
-0.12293721611757343,-1.1394929436283388,-0.16090472776499165,-0.94765110440656,-2.2207949538995915,1.4611218634960528,0.21890776071054027,-0.8459295070338461,0.57538277826489,-1.7972291230664477
0.19369265772996822,-1.3466658775730365,1.9681700568038036,0.6505065232445854,-0.41881318473360457,-2.7264158528837075,1.2646741237840762,3.3035259230724954,-2.7021463723019017,1.1687871449107374
0.12503590808395174,0.5043473526310759,0.21078457104152898,-2.0455937149238452,1.2908868111120728,3.4086305728263757,0.6485135767485282,2.5163177564637356,-4.0790866083972235,-1.2460858594461277
-2.846670903261681,-2.0137331357051726,2.9903699494001676,-2.4176262251831937,-0.38809847950785825,1.7828196662173343,1.6025534673740083,1.5838098161298302,0.7766986531197224,-2.3050044216601133
-1.8543828850212607,-2.037749698660867,-1.3071984339660088,-0.5477545683585061,-3.0532216399526577,-1.1788841704270412,-0.7796600383149651,-1.7846334152987475,2.333442654618232,-0.816342124312745
-0.7582089930276259,-0.7586598926116543,3.5549764807632673,2.952965182701146,1.3803544681808753,-1.522743763190149,-3.724624932005364,-0.3687550530479828,1.1900438799703394,-2.1203052523197465
1.1109317429560026,-1.5687555786560041,-0.3340443886231709,-3.176758661942504,0.6776354229710294,0.040451158334990155,1.5669307906600913,-2.659158741063964,0.6075726243539352,0.9584695129311065
-3.1303431406966875,2.1859065553794443,0.23482891972309333,-0.2613537947160659,-0.5802786634858781,2.335325217348732,3.780706229042762,1.5297470250540746,-1.9994539861930103,-1.4872456885428582
-0.6568790232371854,-1.23371060190819,0.24373260383489034,-1.2515261100567716,0.694114949130895,3.5217514885788415,0.7129600574137185,2.3461160354737625,0.9226605639469824,1.8353006484643966
1.2671253409207148,-1.9679052783704747,0.34203619882644787,-0.1641163912219556,-0.9569944274125752,4.161836882176831,-0.7650565939328111,-1.7741846411849973,-1.1905146332962362,3.2267158672545904
2.981685006296476,-0.446258643619231,0.3078639889779419,-4.384103100510238,-2.935554575344258,0.0702946504688312,-1.3527514702462176,-3.2323725335206572,0.2205059130003211,0.5025100324148595
-2.8749712894102526,0.4501825509708736,0.16452374972879383,-2.2427716658191996,4.785031794589041,0.5882933560693018,-2.3600006554505533,2.592334551317798,-0.7325047676807385,1.3729927252723995
-0.7334515155959861,-0.4671479860793838,0.9730467960145531,2.2688012478961146,0.6827742467889307,0.18067399687615965,-1.9774965012292154,-0.4226596966506981,2.003176226396541,-0.5768170889983311
2.7777332310650884,-0.028162177400115,0.50849193344361,-1.792026204648768,0.24211441693226957,-1.9445535489202446,0.52528780040389,1.2303909844818708,0.2645560360969737,4.032033171074559
-0.6923387214310186,3.9182896610325524,2.0079734845230757,-2.299680257265714,-1.8614610985751794,-1.6738852614688673,-0.9905848919881127,0.3776567444082344,0.8673111391627185,-2.684303861062768
-1.9821086989555292,-1.0863366340883716,-1.0097333860997868,-0.36963750727457556,-1.2715150556219583,-0.3579026781289403,2.738235169211156,-0.48494236747633596,0.6018631472942308,-1.017889128754552
-1.6064514232102125,-0.20979462468051946,3.3198543874835753,0.24894303685064284,1.359361730342117,-2.5677250949771646,-2.226273142169588,-0.2326930162894649,-1.3198037273021463,0.15298018594720247
0.6323209524359374,-2.665786228606164,0.30772760643930513,-0.2700376041229304,-0.2949771114795791,3.9495957268043296,0.3372983301013169,2.808570373653402,0.9512789173061056,3.141834247159318
4.795688648193156,1.0041367903634129,1.8868374035299509,2.2861713824589787,-1.1713245751615702,-1.7342623974194449,3.574065501724391,-3.8090310390750712,0.10441198888866382,-0.2489787260885652
2.408622569468157,-2.526919591707294,-0.25640800114297896,-2.054058737303904,-0.5707926580556657,0.8868526088996729,-1.5784905739667194,-0.7842364605793098,1.9688878942045558,0.9477464337209424
0.6816572884325539,0.34569555950281206,0.8752051194725948,0.9771955204389198,0.8937689649919784,-2.515659315878258,-2.024207257221774,0.7685024027966157,4.447128634285383,-1.942503914646481
-0.5423691351606661,-2.534388108647644,2.097350497152884,0.43716148956812884,-1.8122220030231901,-1.0292059880706521,-0.625867530804439,-1.044488690853355,1.977322961132252,-0.40516292823087235
-3.482323642416388,0.7001049235168362,-0.029734790118426904,0.2955333135388559,1.477206277760775,1.0300642681291425,0.38890854662005964,-0.5870341052664109,1.2860252406442918,-0.4875484507907332
-1.4061716740249648,1.2886339638186304,-2.1142234415468866,1.1382625489080493,2.113791108715615,2.0084795673047844,0.4033131813620584,0.09340904070414797,0.7984258308538212,-0.2793651903161285
-0.1069660227305448,-2.9259191688736776,-2.912274712300127,-0.6732111416483562,2.7288714704029697,-0.7773128581843801,-0.4681871471536695,-1.518736438134505,0.6378818221900211,2.1725966193101245
0.6760203854249639,0.6259425096022656,0.4865713271268582,1.5664074121203326,-0.23236080044981527,2.9047529083525485,-0.6698398392995034,-2.7844283977742648,1.3156244971123705,-0.18461068386447596
-0.5621912984152527,-2.5939772457432113,-0.32742873265802247,-0.6573199291585307,1.194017836445745,0.8130327174537858,-2.6693174544378016,-1.8776998149312119,-0.652556273792859,-0.7082749620682159
-0.88273240963442,-0.5809704453236695,-0.4029932856500998,1.7259695076275086,0.3294523039119855,0.1290674908147563,-0.19724081179507902,-1.3179769325121287,-0.20836231928338078,4.52798246273212
-1.3179405182352604,1.8943114672836556,-1.7697491219366501,2.6018069024447916,-0.18972361218747497,-2.4851326476935824,-0.2156110717283943,2.289570934868355,-1.353660541784158,-2.008662247058907
0.5991798057927618,-0.1099653662293191,-3.2867696833703284,-2.0256553211587573,-2.201205326569595,-0.9334379959855554,-2.8169907304054203,-0.5584010218414635,-2.950709987573045,-0.11502796110980469
-0.5959267283644883,2.0812604350797974,-0.78379510394496,1.054749371585608,-0.6288164820159329,-2.337369789029604,1.1676967713677555,-4.3640169733410055,1.2073707855671154,3.461083619056231
2.4713572440610836,2.2824516841824756,-1.1804783396805503,-0.3013556721044824,1.54577071694604,2.784275899432577,0.05573359891330371,1.0900172905573213,1.8807026845521442,-2.375584102478952
-3.0494377664099073,0.17571420633764565,-0.14711405029766098,2.8988994583990944,0.6389650009706654,-0.7979449297708826,1.8098867059738974,1.504740886270589,0.3814983831904975,-1.8828155178209909
1.3455593945392166,-0.5005293858142649,1.8784856791608058,4.64655534341802,2.513989955242583,0.7512071346745044,-1.805848039162984,-3.160746785323865,-1.972699646980065,0.8909136126016327
0.42938876888104227,-1.4860912243683855,3.773999754007645,-0.5313933953165839,-4.011117100504561,1.7002913393933918,0.3761637419361745,-0.8075670332827385,-1.2856332023701913,-1.6362770258099775
2.5428833803139814,0.33258039824088054,2.504197365480677,-1.9094464914760592,-2.0464797179124643,-2.3024078949537965,-0.6933509591279517,-0.12808736186382055,-0.7139607575116602,0.6168244978639021
-0.1955300689278283,1.7075894117872301,2.6163882587432834,0.000254154646460295,-0.713935613995597,-0.5814168800128832,-0.30551080346110765,1.8375452963501953,2.675961793115533,-2.7223470815657222
-2.3903211843129575,3.5573871210146186,0.31922750866032573,-0.8960117847935213,0.26717662141275694,1.8105233255822397,-0.14517693244362143,1.4697219361710618,-1.1877736727268224,-2.1218728699543763
1.7579438297673036,-0.7184779118269964,-0.49106989467728523,-0.094466766917015,3.3735788983545847,0.7582310956954276,-3.3620369846442326,-0.9707701035045726,-0.18698613129874392,4.318635806264555
-1.705577425433313,-1.0194342454660905,-1.4556111889038335,2.0580720213582007,0.5289074924924686,1.3092529264843156,-1.2857498330168977,-4.104344315871765,2.0873143844506643,-1.1493040688386076
1.4576142606610827,-3.0122242581282554,3.150538555277169,-2.031917339442523,-0.08169662901261857,0.3137946878107415,-1.0879204082073168,-2.216208438298552,1.4299774459957464,-4.260349542348522
0.9564416968323715,2.3074270117612055,-1.9436231574985456,3.3204804534152483,1.2281596029127815,-2.3678404205188834,-1.4182153152937704,1.0036284018464958,-0.6460243406986396,-4.038490810089967
0.6775510172291564,1.6256829080400352,0.7475782194663073,-3.538642306527369,2.8191755471385695,1.1871888351990973,-2.4820976958179455,5.228734029405243,-0.7166475199092657,-0.318726124664763
-2.7924839030583275,0.7376681574466284,1.4650649087625331,1.0869210618154574,0.6489504757186861,-0.3108465754401366,-1.1793447934798829,1.8014262132387027,1.227783325365998,1.3636829020994328
-0.7203555102332049,-3.576444165945965,-1.4037427507861724,1.7308167437382433,0.5992616535449631,-1.4720784141171517,-1.3503218613434684,-3.8709386887674944,-2.4336258546502254,-0.6705314961807034
0.5952977465416085,0.35398418575419993,1.4038003278136106,2.487391897543368,-2.718547735279131,0.5582596445743376,1.692087325300561,-1.929603145114887,-0.42861462762306896,-0.9152540981417173
-1.2721023043599486,1.5624080369823754,1.9618983734023858,-2.8432997887884195,1.354422032571526,-2.308972521561077,0.3227650366174902,0.9473002669251652,-0.22283920532696092,-2.5441035576265936
0.8046938217898322,0.772311404095046,3.4324036402602887,1.6067781360866848,-1.5882308258803037,0.5437700601905764,0.2545822875711659,-1.5834064588508343,0.9288453064691098,1.189445958181705
-1.0015246655719825,1.85289203041634,-1.0642358726874253,-1.0794238755954728,-0.7106234972019005,-3.053016340317628,-0.9843596270817255,-1.2389599348224694,-0.7575550856759489,1.3738200637009776
0.5820219788491442,-0.9502716775993283,-2.8950316426642906,-0.5041115487889655,-0.696574132258915,1.1077003304372488,-2.239733778701208,1.0355338803321958,-3.9084079454396305,0.9380943740854661
0.2459528031617582,-0.2519788298456666,-1.037307126835104,1.4479957706336972,1.5018818835593692,-1.5821702208741129,0.2961257789027578,0.2616076860496785,-0.3575602865946236,1.4452846728875803
1.8412489293538612,-3.390816560109093,-1.1375601939280382,-1.367254267173239,2.1037141000202384,-0.18812882107576503,-1.7272439386380054,0.10895092299261852,2.0303080395679802,3.3811772214777953
1.1492425861643387,-3.4712829620623826,0.09467403193996513,-0.7639484675058946,-4.94216278562678,-1.271672606767314,4.956903044236444,-1.0663044197166593,-2.9918028898399847,1.064428041004442
-0.3802994721073602,-2.796019747086007,1.059777860130713,0.2294909485616461,1.8368362863712815,-2.358090259488753,0.48224057045623225,-0.19845777738059892,-0.047503081736643776,1.5704102843430372
-1.8129183913857077,-1.2492124162700324,0.2593244660305981,0.46978408937843125,0.901962167157946,1.1634913225539607,2.330980089032335,0.1464358414510467,3.300034252396199,-1.9603274251948746
1.0514349416549935,-0.8233917396355975,2.6283384780924974,2.616166474344045,1.34455485431846,-2.0904673076629723,-0.5486290033135937,-0.10449387603723699,-0.7500453816222675,-0.11709459826940515
-3.2881269108902287,-0.00130195034771917,-2.7863055717015084,0.09051808760861085,0.24133611455373546,0.1522346564505495,-0.33953586440957195,-2.7476328080322343,-2.7618214150197797,2.4242361726406907
3.445217501321716,-0.6097809639597014,-2.4470345552826354,0.8783951489098183,0.8918731049664753,2.2396109671604765,-2.881425169908612,-0.60736135640391,-2.817541842273158,2.680673718185931
-1.4630873151652333,-0.15842739115312093,-2.3947814987628164,-2.547484367351864,0.8493620194115168,-0.6942520316661381,-1.3318745321302106,1.858124631878212,-0.9778253058858024,0.586494697437521
-1.6453235807873507,-1.1908876209316903,0.22563585689562102,2.7774085699154494,-0.6432697034583318,-3.081279767074379,-0.4300397091959624,-0.12551494475576377,-0.3211012336503773,-2.083693125580758
-0.5010678229387544,0.5498535738406877,-0.7043286178589997,-0.12347409374099307,-1.8171603523186572,2.076367782235088,1.994654159190599,2.043888419765486,-2.1521276442410042,-3.008331895502626
-1.0181535408747748,0.865377304474487,-1.832605701641466,4.875141325570344,-3.7016355357215547,2.896923524989792,1.3334857700571776,1.0434787623988289,-3.9113902346285863,0.3424396054544462
-4.962153296307905,1.7916373832086492,2.1870459930328363,1.4367981739250602,-1.7606418803488895,3.328744178917665,-2.9471350097872393,3.8053427063857654,0.9653080928967703,0.44142896731621345
0.16512389663636462,-0.6746913919756357,0.644662215068159,2.1324292966388905,-0.15418540248299678,-2.2610250728897188,0.21161737544478698,0.8128534573011518,2.829347435861739,5.519092921782408
1.1480997720254817,0.7239742346744037,-1.3582396267643175,-0.4422194832039755,-2.458118850789688,-1.7726918630617363,-1.241595260003065,3.7748850105495673,-1.5694600735040436,3.4846753340945864
-1.1307427284302072,-1.7215607579615086,-2.19969368162073,-2.3568549206151683,-1.770249178380526,-0.23135279022556557,-0.28212304986532305,1.403466475657259,1.6486530309122678,-3.3797751294709584
2.1386726812731105,1.8956496502698699,-4.302791034781321,-0.5036911094794884,2.4476959595301437,2.34776937286251,0.906026920479915,2.6101358628268643,-0.5661140786787939,-0.4094671778729841
-0.821006210408419,1.3067925442808395,-0.8428673025754672,-0.8196941536699043,3.5050814859038737,2.2964765105460607,-0.6253178825871039,0.6372797306869497,0.535552040469732,1.972068711574048
-4.491444473449905,0.9250081728112964,0.22379087618052668,-0.8543347616392104,-0.43985827787034765,2.1154498638646824,0.04381579302947516,0.34900817377495613,-2.813072967556641,-0.8033247324991846
0.5648419281885252,-2.476856620956486,1.003427740413304,2.0389382475966222,0.18004092153286141,-1.0338028914318418,-0.07450402349792135,-3.454261612314809,-0.9732363562846771,-2.0115854064690577
0.6905452589274259,-2.7600731342938034,0.30286230283181165,4.4728467559680105,1.303780192680394,-0.6573675505264249,-0.16817156347700973,-0.9876052500170622,-3.6767182308955744,-1.6917411447179005
1.151198224870354,-0.48764088972756886,-1.0340580820101317,-1.4464394140032208,1.2542468479463458,-0.40624648011280173,-1.8722594049285197,1.615320106416476,2.8240528645364456,-4.03668408103447
-2.744795077104311,-2.151391579975084,-2.6400285425311005,1.6661182612735346,-0.9741920987892817,-0.9735839745508479,0.6906005123669849,-0.7433631024384697,-2.407107746797944,0.5071626244735727
2.924143819515988,2.4771861182588433,-0.4283114944086319,-2.487684181804525,-3.8051948583733193,1.1170251728765783,-1.1436321115076544,2.411704407558993,-0.8487933666846806,-0.8135673801635952
1.7248293936111392,-1.0034502165884773,-2.0095375768766663,-0.2048002353168134,0.3504996734195415,-0.3486001936296903,-1.7463188960401248,2.556271889569295,4.473414894778824,0.4274784737162058
-0.34815382885713475,0.3451158879804829,-2.796358462853795,0.6403525415776273,-2.1725568065995304,0.04646930589446499,-0.7561615440428027,-0.808907180158923,0.6270556289512491,0.3490746563217015
2.089585343922553,1.5655461091185714,1.1544768904036298,0.4774831372291154,0.8794280404273668,-0.7524527439200429,2.4353614522072924,2.8318753059662214,-1.7102181310361317,1.6484681261395924
1.9951293664326215,0.5876530095088318,1.2330056142728216,-1.3016524146193411,-4.0001188222913,-0.01245394936227752,-0.19784732056069596,-1.6617562413435059,-0.7385479483518776,-0.048422956536950564
0.12496307044660057,1.9319464475912824,-0.027454808717694252,-4.922783686099572,-1.310983468784246,2.2348007071457525,-3.461796624698565,1.7869077359090753,-1.02430463344523,-0.32948096911801056
2.833013079972954,0.8699387790299105,-1.9633845265446463,-0.6651926428942754,0.816312581819891,-4.77744606346863,1.1329195470313511,0.23306158416186826,-3.090994888355755,-1.5192596539789507
-2.0930174489961875,2.0029414104215166,3.702498640014251,-0.38387540473930276,-1.2565028037153452,-1.2920251080836365,-1.3116165258055097,3.1616349122169467,0.5556828806636476,0.8318618308165332
-0.45315538057425775,-0.23599586750629492,-0.8325057412750556,-0.5509644523120774,0.03126917792290909,-1.3039656643864712,-1.0299928504587301,0.8889964128814724,1.6142280431393168,1.9590152167259485
-0.537578220582787,3.2860821861987604,0.3111346585359906,2.4948271542325045,-2.2772379567494747,-2.8941877022274305,-1.7403238082700452,-0.31999390188446925,-0.20937716329343897,1.0208052875623503
2.006031396572289,0.7975481628925998,1.6054892700625367,4.143428493190375,-3.993366412551823,-0.8738642860371684,0.26213355453533577,1.322061939637742,0.6946810839028388,-1.8073339636622419
0.621021186584468,-1.030796412568513,1.0376118171679374,3.5214522959531243,2.7099822710846393,1.4524490350065566,1.8599191029700697,-0.5321412164417163,-0.6216731797520778,2.0921332907547723
-0.6071045549583984,-0.8224748901027701,3.4212795161915404,-1.6190009444812212,3.0989677704275223,1.3075479794269735,1.194240082807384,-0.41398705690111687,1.7420568541940071,0.23562064035689204
-0.4348346484573866,0.6718226292512549,1.9168262187640528,1.983629369187298,-3.2566075796687737,1.7556441524394473,-0.7452630000793841,-0.313250073891678,0.5566566132186067,-0.4254870622627459
0.6656473746931935,-3.48496384372313,-0.9270568793752663,0.7105591441900272,-0.7853703090206628,0.5826449093369104,0.37230910361659725,1.4999598597776538,-1.2930943062285976,0.8878536326031456
-3.8125421420584242,0.09069730089516793,2.3438382115369447,-2.4180403714305614,2.3080838250779268,1.1005507138695947,2.296342112643574,-2.467606697110145,0.8879126936020523,-1.0272469278535445
-3.7599681076047373,-2.4737028377699426,-2.177640050411163,2.316215794439325,0.9376013772163283,-0.6293149062741675,-1.9264650112765374,3.662702681086133,0.29361685747521415,-0.2708821680480125
-2.3332397425062466,2.195098629590177,-0.6365149559025995,-2.3972470799390075,-0.7700603920178596,1.5377168072123337,-3.1428158532472508,0.23393084045166876,-0.4536245911941758,0.5748311263925748
2.240316810982515,0.6146257697236894,-0.8414082831056208,3.2607710024471808,0.4459301371149568,-2.56101456967209,1.9662381320901314,-0.30808133757013456,1.787461765106535,3.799607798632672
-5.44842854268792,-3.1707118131946497,-0.983232437099036,-1.4079091285288177,-1.561735708622155,-0.7282131172763124,1.6471514299243333,-0.425061623596205,0.06324736317930449,-2.984132590306584
-2.695527009831859,1.2497685863756582,-1.1893926986391352,-2.180986855300779,3.191937752338959,-1.6505450626322946,-3.4088834871377687,0.2731420138793194,1.4510586990442889,0.6502425878736998
0.40086877380892233,-0.5830743108695231,-2.884389105936845,-0.8267630903904983,-1.7632527812586734,-0.8181918038964344,-1.0214189214145666,-2.06883254099214,2.7290692392996774,2.1383974554916234
1.9833054189923947,-2.078150499784852,0.18624322190006098,-0.9683183001169233,-0.3540128220876579,-1.6080994977552117,0.26234038362851453,-0.9627719500256272,-0.6497850416160018,-0.6181966714156373
1.9522414495996159,1.4872178251751533,1.9997488891649164,-0.5560860867335701,-2.270912190856452,-0.33605855587348965,-1.8575558312690748,2.619115950661742,-0.7604179010569498,0.1602562977409217
-1.5894832990120844,1.8484979431318116,0.759227509207838,-3.0676315946179566,-0.320368364844945,0.6918074022481989,-1.6506799329905666,-1.1709680243008918,-1.9283977948895208,3.6786493822610207
-0.7646341089827839,0.28150050417485356,0.031902978887260715,-0.8932984502581359,-3.337993207742329,4.037574743304271,-0.12610851542449084,-2.0020302444973512,-0.416928626423318,3.622728536142327
-1.1504268232808095,1.432029467836039,0.38942746092179925,-0.20506178524011426,2.535522101636921,4.837184351723254,3.0303064960654353,-2.5734790061669424,1.1798761125169026,0.26183414858901854
-2.1969371566777083,-0.4975274914936499,-3.19639783963177,0.737446159883846,-1.2915274529846732,-4.379545697370644,0.906508582985401,-4.14506979588426,5.412680573681116,0.6197689786939478
-1.7338540488775438,0.62195477114922,0.7138516159424118,5.143025208192449,-0.6885918546759026,-3.627725365780916,0.05016140681288254,2.9663013208469833,-0.8060032280552825,-2.9515606029388093
-1.0821464983518265,-1.6054726759197149,1.9920084100586,1.797750102796199,-1.1587979844599463,-0.7242057926515505,-1.7263795353713125,-0.6226564254883437,3.277798594748357,-1.7162606796732427
0.09338651049173141,-1.9884579694902011,1.2532359153717132,-0.917743689548603,1.220736600808687,-1.2100554873663727,0.07395305977322471,-2.879639198300659,0.5416224316605527,-0.926388596295108
-0.018697072363719158,-2.9833153821358143,-2.894462539060028,-2.3934250305212195,1.1531168492329418,0.03951658685048652,-2.0488743555731754,1.5073651593184765,0.21868830099356293,2.9982729866459787
-0.2228927242191721,-2.8936713938981984,-2.3578523177635895,1.9846763640293552,1.3007142793715007,-1.544774175274148,0.6840255655365014,-0.16706903297571107,0.2260395469201101,2.0166677243683995
-0.45384578841831946,-1.310057218701892,-0.6656816783462607,1.2782768728556755,0.811016082297156,-2.626147243652232,1.7496245827051704,2.155197407466414,2.652818716381495,0.9231643448913579
1.2329232911080228,5.071817604355303,-2.1173321883424037,0.6347761159161625,0.882109055683651,1.7911076708342941,-1.1138708180794894,-1.7861870371303648,0.8247228681227778,1.118676685537352
-1.031809685547451,-2.568319028568382,1.8632041834211355,-4.58597185650172,-3.096764404335686,-3.7105684760680284,2.004762155759267,1.6989502107032757,2.716080121253443,0.124896156479824
-4.021482800387707,2.5054214050145425,1.9268509892243366,0.6643954936103119,1.3354474434836363,1.9212689058188177,1.44637298625506,-0.18871483107695602,3.95409451667761,-3.4916368263348776
0.8934333623730284,-2.411055486723589,-0.8953610379235738,-1.2279385862218224,0.6344152937657156,-2.154484881264541,-2.750040530539379,1.5026993007589808,2.182105943909116,0.12767967733158891
-1.5694998128892441,2.661022990485924,-2.2384495750125457,0.79440034048883,1.3926403190103211,0.9177016112716996,0.9945741431024646,-0.6990079147335455,3.0183773256015622,-2.2088029342065703
0.5332501603833981,0.6239585633095204,3.175916644578364,-0.7443964409806524,0.35407273346561124,-0.815167460777246,1.10722699753797,0.060702499745085875,0.6096433792345176,3.3677175207163033
-1.0013161909040198,-2.505864949147987,-1.8894275561702005,-1.1235433502365761,-1.7250401284009322,1.8719522672073468,0.13963733290176547,-1.1087336395273535,1.3383944279435716,0.027111860683249393
0.2890744259844622,4.2770931861590045,1.7791374083787923,-2.519254285866144,-3.1100347590676547,1.5557411077183865,-1.7907550129613214,-0.14688219681232467,1.1321890078104042,-0.8727115093159654
-1.131502157803277,0.8825822741627711,-0.5585323698571154,2.641284851726259,2.2186179221090097,-1.3784429211902813,-0.37656591054554545,1.1980145602297885,-1.715723888999623,0.9282475591966624
0.837553803739486,2.6255737252058338,1.6177397860725382,0.13961697588256056,1.6299960252712031,-0.43188883737627737,-0.1335760286329397,1.1549602368155774,0.2733569331752862,-1.410438734438829
0.5078021970944286,1.4745572714842266,2.2946969715701564,0.3364665015657265,0.2810605771018889,0.6177296078127056,1.4690313569550504,1.4784305394561652,-0.25272225333081405,-2.7585294220222765
-1.0251495402621056,-1.0157930910319959,-1.5732196165814518,1.7863622313302743,0.06589025180758001,0.5669032890101426,-2.385418292032571,1.3090565272915544,2.2717014739584123,1.4790860284261695
1.1059705488356966,-0.45568796372979764,1.1895361356736611,2.7372608891608463,-1.9773325352368085,1.0979340774560884,1.9516930643925843,0.24383484756458795,0.43619596768678615,1.7259032196842272
-1.164334560478882,-2.8591667359831145,1.224428298267062,3.0451645510479426,0.8972933223893924,1.237668595635921,1.0135332080055326,1.6431421856980506,0.3579251998054112,-0.39765410960918807
-1.7699438941041525,2.601124580872084,-1.4198186557515178,1.2472632577970924,0.6831215726388902,-3.121580789942306,-0.07903728740621269,4.711633063189213,-2.614016895629277,-0.07682507256798218
0.35030689951017324,-0.5560436407825181,1.635039643535779,5.7741345854671,-1.0355266438820958,-0.09739457945610118,0.689157767756516,-1.423333220689898,0.7052662219205229,-1.231041318543711
-2.385832190946176,2.302590964856529,-0.7975581351938172,1.779401667070411,-2.040155924764088,1.0511177734119181,0.2824191861748429,0.270418974751629,1.822190576729845,0.7544127562772004
2.715989212760762,-1.8699683538757492,1.4718690202145621,0.7143412570918746,-2.1843299827432605,0.9358361830649928,3.7632756174437563,2.0843757704643338,2.247817146019453,3.0877164641660575
-0.9540536260091008,0.6851994703877344,1.1247738315408793,-0.7922847606724734,-3.0228632376489766,0.8466473846774412,1.4351006106795152,-3.347536455365323,0.09230762766144833,-0.39957753592776885
-4.0056149044736085,-0.7948180109602261,-1.7204770989591769,-0.37713889565733155,1.6315881960544683,-1.704832232396982,-0.42240218322951534,-5.9817347616414285,2.4093939458003133,-3.130062176534959
-3.096203383292784,-1.5810141838141434,1.9933300754383718,-1.8791297774536986,-2.9740273327244022,1.4318316276659935,-1.4071245560814025,-2.5001929777583647,-0.41789515341326133,2.279070288262449
2.4081972234472584,0.5547630140217185,1.603325206575023,-4.769338262133311,-0.33369761141917087,4.550545077824506,-1.0917251491500672,-2.859032221655935,-2.6987479141966606,-3.5160535393712697
-0.4180664685839891,-0.7466016530593517,-1.7032757933911793,-2.944501785676065,-1.6796306097943814,1.49028131864917,1.36885777442598,1.327381785644496,1.7413293709087456,0.313567610315011
-0.9862092028786303,0.02812272222363396,1.6575572098620428,-0.16352184177739598,-0.6170674354406998,-0.12510858167093805,2.181410251533991,-2.0991793002874735,-1.9938331141104058,1.5203772973138963
-1.1245399474500828,-0.8764148005532492,-0.3112210475055332,-3.995396861257934,0.5857689864268485,-1.0561481255996148,-2.322597990281641,0.7448707433836522,1.1706605599289726,0.7761942199373396
4.036776799636573,3.451276050963971,-0.5859921329127933,2.95598842846791,1.0442780830170897,-3.3190698492275894,0.3081302975131685,-0.26514210660938453,-2.3376124890970242,-1.4850733775926377
1.5492377703441353,-1.6726111549270088,0.4544067033347658,-1.261814503450662,2.0076783030218457,1.374631118825504,-1.0578736592496156,-0.07080464337469441,2.5248781067809616,1.1158538921986885
1.3225333657831269,0.5946860211683576,-4.050519455055221,0.7274462135510872,-0.04275758889249864,-4.527754227918911,-2.8141493219205884,-3.8121986254231865,1.2084930309957065,-1.280347667964505
-2.1571511076253875,1.6146052175652938,-1.977587115385733,0.42582366696026736,-1.720471561798783,0.7025521395665046,0.1554503971927146,1.639872062637326,-2.0758341777967493,1.139966948080518
2.9471293104322425,-3.829242309641325,-1.0493191072131345,1.6653719762505104,-0.3983132940339573,-2.27956531229509,1.895978438586035,-0.07226282975271135,-1.39693460545649,-0.03515084456241928
2.3549835405262094,2.352427829298298,-0.303358939129072,-0.5924583552527666,-0.1676244190257454,-2.9700444403892226,1.7299206797133126,-0.6562119597361428,-0.13375366564577826,-2.489466955719173
0.7428583452673863,-2.026544659468305,-1.9233013697568822,2.211665966590819,0.4081827053449103,-0.7369426700524484,1.1257561023333003,-2.8161632860236137,-1.0477004793829285,-0.1305110557412742
0.3872839105691738,2.702203572988222,-1.2320224577741954,-0.0007930053448165906,-2.4867497525613045,3.202905810383479,-4.664539654097265,1.1467253510640751,-1.3043093092667915,-1.7819818578332425
0.8182053315335513,0.8950555195932302,2.959056499217277,-3.7485407117887,-1.7702231287850745,0.14203851527487607,2.958462874699774,-2.882124163019869,0.754460792624789,1.246888484752718
1.0128022508627281,-0.030145248135782784,-1.460399824918235,1.5088092059348077,-1.5174879621629833,-2.967532342275752,1.3606063944401756,0.26075791765228096,2.520686130362544,0.5440399273435527
1.168082464830515,-5.1150911036989,-1.8739623305598607,-2.1778295740056324,0.9735768447731414,2.1171191641138734,0.3154265592665811,0.03528012735831664,-1.1480364434487913,-1.524120247794512
-0.04611118254098597,0.9057995891049341,2.8542244204154774,0.22991972542888556,0.12895589172625668,-3.5212247127033165,-1.5291567171346208,3.3035985854210463,-0.7698429821496802,-2.19929310378465
-1.0097934541187477,-4.18452555807076,0.9838377274498062,1.7012154200221337,2.7179949508198966,-1.511016820091326,2.164728907678455,0.18387808411965095,4.755958413543798,1.9932003296749639
-2.6889105896414396,-2.5470012400305966,-2.5929016832874576,-0.3557449705617919,0.8500283513225023,0.7913181969301234,2.658999257044158,-0.5550190409336448,-0.206022064212132,-3.013811436161026
-0.010912960098238896,-0.4869405037622069,-2.4620992593927,-2.0193272419217334,1.0044560630608028,-0.3166892209282664,-2.504254990255412,0.7315258591831851,-3.0160629396363277,-0.07500534693493627
-1.8820468184745855,2.8661694625736325,1.5731753275388543,-2.6768649700892997,-1.0672169926023292,-0.5001218978894404,4.305439593058197,1.3595488515803398,-4.51040798441899,0.9930325946949826
-1.098479529660137,-0.16515634130737117,-3.333883961364789,-0.5636598872991273,0.20812700147801147,3.3000683498644907,2.3440630097709625,-1.1455109601729074,0.1248373440756724,-2.4094150219064345
-1.5233103511334134,0.21518813055383829,1.8508584298186126,1.079106352670086,-2.3438414221218835,1.4205059894045005,5.948705432386547,0.4641056782377413,-0.16984900736010386,2.274231998328455
-0.6877344678065506,-1.6322661640974119,-0.5146716826681552,-2.1466038726619097,0.7095269556972592,-0.3333660353713661,-2.5370681343803505,-0.9097655638758732,0.9357348031741852,1.2029409172651027
2.69640451116049,-1.4368464511141028,-3.423749750227892,1.2471084401567498,-0.13439071945125014,-0.7562548472389331,1.3676515464360612,0.4445699346354986,1.1795314507956998,2.703683019193999
-3.234997029066281,-0.21137342888604527,1.702911662391399,2.4374561012606386,0.487328687289191,2.4706368153180693,-1.54312396293948,1.9204891758063194,0.1970998675040751,4.101902298889627
1.9771588146798786,0.1952379217425463,-2.109555111331592,-0.685160399718385,-1.837864350903641,1.5050689079409187,-3.532274012391844,3.01517499825916,-0.5764172269429603,-0.24750526817432536
3.619885702793495,1.4148026795123716,1.119070960067186,-3.7220324917040055,-2.5090920038289575,0.2570132437902264,-0.16684324016353588,0.3044658504693696,-0.46578279336602696,-1.1827394895325327
0.026779212227591945,-3.3166594409791057,3.0250384016615324,-0.9891709270185466,-6.158236990058047,-1.1165701596127302,2.2837020885374812,-0.06538174059053059,-0.5184388404627162,-0.8540217763428677
1.7835817721966025,4.3238579092121086,1.1765427277526783,-3.776264986929388,-2.3190669585269843,-3.0925436429389013,-0.7276312530522754,-3.330182921788749,2.864897951651718,4.405762270490567
-2.051957552948012,-2.0448498927316443,1.8082170596791127,-0.3234567254423397,0.009024083025256245,0.3053990638469536,0.14553642317872245,-0.2353999272972677,-0.6613554951661793,1.8557649144620634
-1.967946888005418,0.02349508053813797,-4.159363117185406,4.007279646354763,0.5124365471370749,1.1352332194642898,-0.595098293794809,2.3348308002287848,1.594859929867556,1.3985465040803657
3.8266420611161784,1.179995895351884,1.5839047695587423,-4.397588445045687,1.843694121986268,-2.738203766730301,-1.2149691043239224,1.0115743076618469,1.7777108738698797,-3.2117119865178676
0.7572298745227855,-1.7761038892631251,-0.3853994609717676,-0.26694244127062855,-0.8144319968100624,0.7008206390316568,-1.7584288319724022,1.8236556937069204,0.3122698881551005,-2.760542894773336
1.3215832177331086,-3.629892132092938,-1.6605628086153996,1.8356195149817736,0.5510017892115003,-1.6226688218321128,0.05051832065338761,-0.7378030246166302,0.6489304559398901,2.39968471807933
3.508658766415925,0.031560639271335,-2.03072469249181,0.465862321321728,-1.3682332993200208,-0.6053065279184313,-0.19086331777792714,-3.98541278807889,-0.2985382923818021,-2.307875067631321
2.743210037936695,-0.2005995412186477,1.5173960306308294,1.7805971352860495,2.2124352812598778,0.7673469234221689,-3.2104024660123573,4.997351483966577,0.14267252209954762,1.9863810739211216
-0.5218395690326286,2.920373526436138,-1.6602258854422018,-0.13903701143090746,0.9885913028072323,-1.4600149515439214,-2.0614116418779247,-1.8936660405214227,-0.7664751072022009,1.1513363861248544
-1.995190197961643,1.1086735297959696,-0.469575449160933,1.1231492811419133,1.8074666848247671,-2.577614536767856,1.8811792704862749,-3.0431373921294247,0.4290416191447181,-1.2276861807590242
-1.379495954586321,0.24933784056900957,-0.501524677741899,4.04429946232824,0.836707759581284,4.510408869612088,-0.451918967421274,1.978805455972626,1.6544872752946957,2.1420742746440857
-0.05012587107983654,2.8936201788820104,0.28708942233968104,-1.426630819152616,2.3519282382773663,1.9401447158261078,0.7028020641427482,1.9127759985850339,-1.1803751583505484,-0.9058503771144805
-1.344804709377918,1.118935063624778,1.76585003013776,-0.15218556225942345,-1.089644674178428,-2.6092842932965596,1.7684802119726102,2.549902279860127,-1.0048044479822145,0.9737794057868443
1.5102302017179934,-2.943052028207951,1.2099104983490407,1.598625595121841,0.4646483764311499,-0.6038524786013679,-0.4121951130307417,-0.9744925258448502,-0.006269695762318609,3.593213568687903
-1.2227098459755517,-1.0214605818025502,2.246783335631495,-0.6519575114751078,0.6629777427193612,-2.6475564941134717,-2.02047476818468,-1.2847023277954637,-0.19077939067425928,0.8183014400365624
-0.84759969980023,0.4117347055151873,1.3088099413116765,-0.06521721768503266,0.5855122976461589,-0.6681713945019854,-4.2948980743449665,-0.9570701778415969,0.6661222098803538,-0.033383722826915194
-1.3783111769467946,0.3844985124392913,-0.21592680836430495,-3.131824530848332,-2.094389100672339,-5.0581076056901475,-1.346980552277363,0.7750259843877612,-1.2534430890279722,0.7890734682309338
-2.4965450350260943,-0.7516299518852686,-1.80706776114271,-3.096187381646602,-0.9288642597406793,2.3599466455301568,0.9699353499927653,0.05391538862180322,-5.291731837736727,0.2854708491689481
1.414501528311178,1.0755173626978938,0.41900569527487,-4.181990805853017,-1.5831760298227007,3.1849308525660236,0.44445016817115873,2.3287128607645986,-1.9932123400602186,-2.5189157071100152
2.7160019498145926,-2.926120127960539,0.9624329926932761,-3.3791159457691227,2.321456057160581,-0.6590498460820167,0.956789340331214,-1.4404908464242479,-0.6517019843365591,3.5458379649627876
-3.292200051282778,-0.3353238693888579,-0.8771398201317134,1.724341505550907,-0.9876414968854885,1.8024594634254438,0.6229956492808448,6.103854092024239,0.33786623883945466,-0.8493096359305555
1.2537155193284875,2.229592221507881,-0.1333866426825654,0.034163586377092194,-1.7353165147445302,0.6603813208378415,0.1492735412669064,-1.8629907029704043,-0.5293147946667315,1.0232032559385442
-0.24873340060447327,-2.2606408157744924,-1.9130889538567473,0.6181337807128212,0.1628403812790663,4.181635993339411,-1.4152776387039985,-0.3833976973514437,-0.9020356013210232,-2.64883610884714
0.829162953528838,1.236937034824112,-2.969854664702046,-1.5868837447031154,0.775355041087588,-1.7572716867039015,2.7081004242787965,-2.596804008406854,0.5834430727993379,-0.10823012003714233
-0.8976595368902411,3.1670775675293417,1.2693263794382998,-1.173996023711427,2.488999250701433,-4.138808481109638,-0.890466237857702,2.0647111950069594,1.1496926660196831,-4.415690584292889
1.582887400496562,-3.888242562468055,0.6866209227707876,-1.4499443527683438,-1.2839943307643278,0.7316777937073791,0.7710387023183402,-0.15220619246830414,-3.504226155563119,0.9255671302793015
2.725910061604119,-4.600576307935097,4.260613808717443,-0.8991592994205008,-2.6786917302062005,-0.15887672249548604,0.8967850370537793,-1.206640947657082,1.3398651706469766,0.051207264887279155
1.0321257838075752,4.594744285357387,3.4547314045407496,1.792241763456523,-2.6983543568830943,1.5592454949543353,-5.187181622952934,0.07481206838526341,-1.8151156108752582,2.3003618922399287
-2.413023593977058,-0.22364789307239652,-2.448854051397864,-1.45250931856348,-0.7764843011117106,-1.7642709981038456,0.45118517407072567,3.307900489348992,0.8220617352258587,0.2456085282980988
0.27163581629385086,-1.3200628457726131,-0.07439085390154782,1.4954580210159516,0.13627306791183255,1.9134103555945405,0.9757142282813585,0.40860744934702586,0.15842880360370792,-5.22237480786341
0.5990169974276951,-2.4170380446600537,-1.0729653954010019,1.2083394337133102,1.3471719767867618,-3.003719922630268,-0.9810886515500236,-0.9112044070319825,1.4749879749293586,-0.4958491323153662
0.41778730266100156,2.9016848970518065,2.836535157170722,1.251044762197742,1.747954329826486,-2.3140479835729604,1.1638233742123105,-0.8706980465130213,-0.9420101199696758,-0.21377396021553496
1.0701116293446253,-2.047565227148783,-1.377729634715566,-1.437744864712928,0.7936793167673997,-0.6457531622804112,1.4805350462352393,3.343466907452161,0.35534535078769575,-2.3823739685162786
-0.12122170049629664,-0.6184181456821515,-0.19041836446912105,1.552563329067159,-5.44163995454015,1.8084059382645856,-0.9202934014087568,2.0344969387136893,-0.8819729547219077,-0.9223420535250165
